{"type": "FeatureCollection", "features": [{"type": "Feature", "properties": {"slug": "ba-dinh", "name": "Phường Ba Đình", "short": "Ba Đình", "type": "phuong", "area_km2": 3.01, "source": "Số hoá từ Bản đồ phương án thành lập đơn vị hành chính (Sở Nội vụ TP Hà Nội), VN-2000 → WGS84", "fit_rms_m": 0.6, "method": "pink", "scale": null, "hq": [105.832849, 21.032644]}, "geometry": {"type": "Polygon", "coordinates": [[[105.840109, 21.050669], [105.839994, 21.050638], [105.839763, 21.050424], [105.839484, 21.050272], [105.839253, 21.050042], [105.83917, 21.049888], [105.839022, 21.049735], [105.838856, 21.049444], [105.838805, 21.049121], [105.838623, 21.048799], [105.838409, 21.048584], [105.838375, 21.048492], [105.838227, 21.04837], [105.838161, 21.048247], [105.83798, 21.048094], [105.837897, 21.047971], [105.837862, 21.047587], [105.837746, 21.047326], [105.837631, 21.047249], [105.8375, 21.047281], [105.837401, 21.047251], [105.83732, 21.047266], [105.836958, 21.047145], [105.836794, 21.046992], [105.836711, 21.046854], [105.836644, 21.046685], [105.836592, 21.046162], [105.836542, 21.046039], [105.836541, 21.045793], [105.836508, 21.045747], [105.836506, 21.045455], [105.836457, 21.045378], [105.836484, 21.044455], [105.836336, 21.044286], [105.83617, 21.043856], [105.836152, 21.043718], [105.836037, 21.043534], [105.836003, 21.04338], [105.835904, 21.043242], [105.835871, 21.04315], [105.835902, 21.042842], [105.835787, 21.042766], [105.835705, 21.042797], [105.835311, 21.042799], [105.835082, 21.042754], [105.835016, 21.042662], [105.835012, 21.042077], [105.834897, 21.042001], [105.834455, 21.042003], [105.834373, 21.041972], [105.834127, 21.042004], [105.83393, 21.041975], [105.833848, 21.042006], [105.833651, 21.041991], [105.83357, 21.042023], [105.832783, 21.042026], [105.832602, 21.041981], [105.83234, 21.041998], [105.832176, 21.041952], [105.831996, 21.041969], [105.831832, 21.041923], [105.831701, 21.041939], [105.831455, 21.041879], [105.831258, 21.041865], [105.830847, 21.041744], [105.830568, 21.041622], [105.829942, 21.041102], [105.829382, 21.040458], [105.829167, 21.040275], [105.829151, 21.040228], [105.82859, 21.039662], [105.828475, 21.039616], [105.828279, 21.039602], [105.827558, 21.039744], [105.827443, 21.039714], [105.827361, 21.039653], [105.827095, 21.038869], [105.826814, 21.038547], [105.826596, 21.03761], [105.826563, 21.037564], [105.826546, 21.037379], [105.826578, 21.037287], [105.826807, 21.037224], [105.827069, 21.037223], [105.827151, 21.037192], [105.82738, 21.037191], [105.827659, 21.037143], [105.827724, 21.037158], [105.828003, 21.037111], [105.828068, 21.037126], [105.828199, 21.037094], [105.828297, 21.037017], [105.828213, 21.036525], [105.827894, 21.035265], [105.827925, 21.03488], [105.82781, 21.034803], [105.827286, 21.034852], [105.827171, 21.034822], [105.827105, 21.03473], [105.827097, 21.033284], [105.827063, 21.033222], [105.827028, 21.032776], [105.826995, 21.032715], [105.82696, 21.032269], [105.826992, 21.032176], [105.827189, 21.032129], [105.827829, 21.032295], [105.828075, 21.032309], [105.82819, 21.03237], [105.828583, 21.03243], [105.828813, 21.032506], [105.829108, 21.032458], [105.829484, 21.032333], [105.829697, 21.032225], [105.830482, 21.032021], [105.831087, 21.031818], [105.831235, 21.031802], [105.831415, 21.031724], [105.831775, 21.031645], [105.832053, 21.031536], [105.8322, 21.03152], [105.832707, 21.031348], [105.833411, 21.031176], [105.833476, 21.031129], [105.833787, 21.031035], [105.834066, 21.030988], [105.834589, 21.030816], [105.834769, 21.030784], [105.83508, 21.03066], [105.8358, 21.030518], [105.835996, 21.03044], [105.836487, 21.030314], [105.836618, 21.030252], [105.836765, 21.030236], [105.836945, 21.030158], [105.837109, 21.030142], [105.83724, 21.03008], [105.83742, 21.030048], [105.837927, 21.029876], [105.838402, 21.029766], [105.838974, 21.029563], [105.839122, 21.029547], [105.839301, 21.029469], [105.839907, 21.029328], [105.841445, 21.028874], [105.84151, 21.028812], [105.841526, 21.028735], [105.841508, 21.028489], [105.841573, 21.02835], [105.841655, 21.028319], [105.841885, 21.028426], [105.841967, 21.028502], [105.842099, 21.028548], [105.842461, 21.028869], [105.842543, 21.028884], [105.842642, 21.02896], [105.842708, 21.029052], [105.842708, 21.029145], [105.842578, 21.029315], [105.842697, 21.029976], [105.842763, 21.030145], [105.842781, 21.030329], [105.842931, 21.030852], [105.842949, 21.031036], [105.842998, 21.031128], [105.843016, 21.031328], [105.843149, 21.031774], [105.84315, 21.031881], [105.8432, 21.031958], [105.8432, 21.032066], [105.8433, 21.032342], [105.843418, 21.03288], [105.843484, 21.032988], [105.843485, 21.033111], [105.843568, 21.033341], [105.843569, 21.033449], [105.843618, 21.033541], [105.843669, 21.033833], [105.843752, 21.034002], [105.843769, 21.034125], [105.843835, 21.034186], [105.843917, 21.034201], [105.844523, 21.03406], [105.844703, 21.034059], [105.844785, 21.034089], [105.844851, 21.034181], [105.844952, 21.034673], [105.844985, 21.034719], [105.844986, 21.034842], [105.844953, 21.034904], [105.844855, 21.034966], [105.844659, 21.035013], [105.84461, 21.034998], [105.844348, 21.035076], [105.844315, 21.035061], [105.844201, 21.035138], [105.844234, 21.035277], [105.844236, 21.035554], [105.844286, 21.035646], [105.844303, 21.035846], [105.844336, 21.035892], [105.844405, 21.036507], [105.844455, 21.036614], [105.844473, 21.036891], [105.84454, 21.037091], [105.844575, 21.037521], [105.844675, 21.03789], [105.844693, 21.038213], [105.84476, 21.038367], [105.844745, 21.038567], [105.844712, 21.038629], [105.844582, 21.038737], [105.844617, 21.039229], [105.844732, 21.039305], [105.844847, 21.039274], [105.844962, 21.039289], [105.845142, 21.039227], [105.845371, 21.039256], [105.845569, 21.039455], [105.845653, 21.039839], [105.845719, 21.039901], [105.845785, 21.039916], [105.845932, 21.039869], [105.846112, 21.039883], [105.846358, 21.039821], [105.846522, 21.03982], [105.846702, 21.039757], [105.847063, 21.039802], [105.847276, 21.039908], [105.84744, 21.039923], [105.847654, 21.040014], [105.847867, 21.040044], [105.848031, 21.04012], [105.848195, 21.040135], [105.848869, 21.040362], [105.849689, 21.040573], [105.850067, 21.040756], [105.850199, 21.040878], [105.850249, 21.040971], [105.850249, 21.041063], [105.850152, 21.041202], [105.845261, 21.045873], [105.842946, 21.047977], [105.840223, 21.050637], [105.840109, 21.050669]]]}}, {"type": "Feature", "properties": {"slug": "bach-mai", "name": "Phường Bạch Mai", "short": "Bạch Mai", "type": "phuong", "area_km2": 2.99, "source": "Số hoá từ Bản đồ phương án thành lập đơn vị hành chính (Sở Nội vụ TP Hà Nội), VN-2000 → WGS84", "fit_rms_m": 0.3, "method": "pink", "scale": null, "hq": [105.849809, 21.007524]}, "geometry": {"type": "Polygon", "coordinates": [[[105.860733, 21.008307], [105.860544, 21.008387], [105.859303, 21.008374], [105.859198, 21.008414], [105.858756, 21.008436], [105.85562, 21.008452], [105.855303, 21.008354], [105.855219, 21.008374], [105.854903, 21.008277], [105.85444, 21.00822], [105.853807, 21.008046], [105.853744, 21.008066], [105.853007, 21.007931], [105.851912, 21.007936], [105.851681, 21.007997], [105.84985, 21.008006], [105.849471, 21.007949], [105.847279, 21.007446], [105.847069, 21.007467], [105.846837, 21.007408], [105.846606, 21.007429], [105.846416, 21.007371], [105.846269, 21.007392], [105.846079, 21.007333], [105.845805, 21.007354], [105.845279, 21.007258], [105.844963, 21.007279], [105.844773, 21.007221], [105.844689, 21.007241], [105.844415, 21.007183], [105.844163, 21.007204], [105.843826, 21.007147], [105.843384, 21.007169], [105.843131, 21.007111], [105.842773, 21.007132], [105.842478, 21.007074], [105.841952, 21.007097], [105.841763, 21.007038], [105.841404, 21.007001], [105.84132, 21.006882], [105.841222, 21.004571], [105.841161, 21.001152], [105.841033, 20.996962], [105.841074, 20.996883], [105.841179, 20.996823], [105.841999, 20.996641], [105.842461, 20.996461], [105.84265, 20.99646], [105.84286, 20.99638], [105.843302, 20.996299], [105.846076, 20.995554], [105.84616, 20.995573], [105.846475, 20.995493], [105.846644, 20.995492], [105.84698, 20.995391], [105.847085, 20.995411], [105.847653, 20.995289], [105.847821, 20.995288], [105.84862, 20.995106], [105.848788, 20.995125], [105.849293, 20.995024], [105.849461, 20.995043], [105.849671, 20.994983], [105.84984, 20.995002], [105.850302, 20.9949], [105.850513, 20.994919], [105.850975, 20.994818], [105.851165, 20.994837], [105.85127, 20.994797], [105.851459, 20.994796], [105.851648, 20.994736], [105.851922, 20.994754], [105.852111, 20.994694], [105.852364, 20.994712], [105.852805, 20.994631], [105.853457, 20.994588], [105.853646, 20.994528], [105.85392, 20.994546], [105.854445, 20.994445], [105.854719, 20.994463], [105.855245, 20.994362], [105.855497, 20.99438], [105.855686, 20.99432], [105.855939, 20.994339], [105.85617, 20.994278], [105.856297, 20.994297], [105.856486, 20.994237], [105.856717, 20.994256], [105.856927, 20.994195], [105.857243, 20.994194], [105.857538, 20.994251], [105.857854, 20.99423], [105.858043, 20.994288], [105.858338, 20.994287], [105.862175, 20.995513], [105.86226, 20.995631], [105.862261, 20.995769], [105.862219, 20.995829], [105.862221, 20.996086], [105.862179, 20.996145], [105.862061, 20.997509], [105.862019, 20.997569], [105.861961, 20.998498], [105.861899, 20.998676], [105.861902, 20.99917], [105.86186, 20.99923], [105.861861, 20.999487], [105.861739, 21.000179], [105.861741, 21.000594], [105.861701, 21.000911], [105.861659, 21.00097], [105.861622, 21.001761], [105.86158, 21.00182], [105.861582, 21.002058], [105.86154, 21.002117], [105.861542, 21.002512], [105.861501, 21.002769], [105.86146, 21.002829], [105.861461, 21.003145], [105.861402, 21.003817], [105.86134, 21.003976], [105.861362, 21.004213], [105.861321, 21.004312], [105.861283, 21.004964], [105.86122, 21.005142], [105.861222, 21.005419], [105.86118, 21.005479], [105.861142, 21.006171], [105.861059, 21.006448], [105.860809, 21.006824], [105.86073, 21.007655], [105.860775, 21.008228], [105.860733, 21.008307]]]}}, {"type": "Feature", "properties": {"slug": "bo-de", "name": "Phường Bồ Đề", "short": "Bồ Đề", "type": "phuong", "area_km2": 12.83, "source": "Số hoá từ Bản đồ phương án thành lập đơn vị hành chính (Sở Nội vụ TP Hà Nội), VN-2000 → WGS84", "fit_rms_m": 4.5, "method": "pink", "scale": null, "hq": [105.884408, 21.04831]}, "geometry": {"type": "Polygon", "coordinates": [[[105.841281, 21.081224], [105.841084, 21.080968], [105.841159, 21.080453], [105.841431, 21.080048], [105.84143, 21.079865], [105.84174, 21.079386], [105.841739, 21.079202], [105.842049, 21.078724], [105.842048, 21.07854], [105.842358, 21.078061], [105.842357, 21.077878], [105.842629, 21.077473], [105.842628, 21.077289], [105.843093, 21.076626], [105.843444, 21.07633], [105.843521, 21.076147], [105.844455, 21.075261], [105.844532, 21.075077], [105.84496, 21.074744], [105.845037, 21.07456], [105.845504, 21.074154], [105.845582, 21.07397], [105.845971, 21.073675], [105.846399, 21.073232], [105.846476, 21.073048], [105.847954, 21.071572], [105.848031, 21.071388], [105.848848, 21.070613], [105.848925, 21.07043], [105.849391, 21.069913], [105.84982, 21.069544], [105.849897, 21.069323], [105.850325, 21.068991], [105.850402, 21.068807], [105.850752, 21.068511], [105.850907, 21.068217], [105.851219, 21.067958], [105.851296, 21.067775], [105.851724, 21.067442], [105.85184, 21.067184], [105.852268, 21.066852], [105.852345, 21.066668], [105.852696, 21.066336], [105.852772, 21.066078], [105.853045, 21.06582], [105.853121, 21.065563], [105.853432, 21.065231], [105.853626, 21.064826], [105.85382, 21.064642], [105.853819, 21.064531], [105.854208, 21.064015], [105.854284, 21.063758], [105.854944, 21.062874], [105.854982, 21.06269], [105.855254, 21.062285], [105.855252, 21.062028], [105.855562, 21.061549], [105.855561, 21.061366], [105.855833, 21.06096], [105.855832, 21.060777], [105.856103, 21.060372], [105.856141, 21.060114], [105.856643, 21.059121], [105.856681, 21.058864], [105.856952, 21.058458], [105.856951, 21.058275], [105.857377, 21.057502], [105.857688, 21.057133], [105.857842, 21.056765], [105.858076, 21.056544], [105.858152, 21.056286], [105.858425, 21.056028], [105.858502, 21.055808], [105.858851, 21.055439], [105.859006, 21.055107], [105.859278, 21.054849], [105.859394, 21.054592], [105.859744, 21.054223], [105.859898, 21.053892], [105.860947, 21.052565], [105.860946, 21.052381], [105.861217, 21.051902], [105.861215, 21.051646], [105.861448, 21.051314], [105.861447, 21.05113], [105.861679, 21.050725], [105.861716, 21.050395], [105.861987, 21.049916], [105.861986, 21.049696], [105.862219, 21.049328], [105.862317, 21.04606], [105.862262, 21.04338], [105.86234, 21.04327], [105.862339, 21.04305], [105.86226, 21.04294], [105.862258, 21.042683], [105.862336, 21.042572], [105.862335, 21.042389], [105.862256, 21.042279], [105.862255, 21.042022], [105.862332, 21.041912], [105.862278, 21.039269], [105.862471, 21.038901], [105.862509, 21.03857], [105.862663, 21.038276], [105.862662, 21.038055], [105.862856, 21.037724], [105.862854, 21.037394], [105.863086, 21.036989], [105.863084, 21.036732], [105.863316, 21.036253], [105.863315, 21.035996], [105.86347, 21.035775], [105.863507, 21.035445], [105.863739, 21.03493], [105.863737, 21.034599], [105.863931, 21.034341], [105.863929, 21.034084], [105.864084, 21.033827], [105.864121, 21.033312], [105.864314, 21.032944], [105.864389, 21.032357], [105.864697, 21.031511], [105.864695, 21.031254], [105.86485, 21.030959], [105.864848, 21.030592], [105.865003, 21.030371], [105.865001, 21.030041], [105.865156, 21.029746], [105.865192, 21.029306], [105.865385, 21.028901], [105.865383, 21.02857], [105.865538, 21.028313], [105.865536, 21.027909], [105.865691, 21.027688], [105.865727, 21.02721], [105.865883, 21.026989], [105.865919, 21.026512], [105.866074, 21.026254], [105.866072, 21.025887], [105.866227, 21.025666], [105.866264, 21.025262], [105.86638, 21.025041], [105.866378, 21.024674], [105.866609, 21.024196], [105.866607, 21.023865], [105.866762, 21.023608], [105.86676, 21.023204], [105.866953, 21.022836], [105.866951, 21.022505], [105.867106, 21.022211], [105.867104, 21.021807], [105.867298, 21.021549], [105.867297, 21.021365], [105.867452, 21.021144], [105.867725, 21.02107], [105.867999, 21.021142], [105.868353, 21.021434], [105.868666, 21.021505], [105.868981, 21.021834], [105.869216, 21.021943], [105.86957, 21.022345], [105.869805, 21.022454], [105.870081, 21.022783], [105.870238, 21.022819], [105.876526, 21.028367], [105.87963, 21.03092], [105.880219, 21.031468], [105.880535, 21.031907], [105.881163, 21.032454], [105.881243, 21.032711], [105.88144, 21.032893], [105.882033, 21.034065], [105.882113, 21.034395], [105.883261, 21.036775], [105.88346, 21.037398], [105.884568, 21.039558], [105.885559, 21.041792], [105.885993, 21.042487], [105.886192, 21.043074], [105.888524, 21.04732], [105.890386, 21.051385], [105.890663, 21.051824], [105.890665, 21.052118], [105.888725, 21.054844], [105.888491, 21.054956], [105.888142, 21.055288], [105.888065, 21.055509], [105.887753, 21.055804], [105.887208, 21.056174], [105.884718, 21.058316], [105.88472, 21.05861], [105.884642, 21.058757], [105.884409, 21.058905], [105.884096, 21.05898], [105.883902, 21.059165], [105.883359, 21.059975], [105.882895, 21.060859], [105.882665, 21.061704], [105.882472, 21.062109], [105.88232, 21.062807], [105.882165, 21.063065], [105.881897, 21.064131], [105.881781, 21.064315], [105.881513, 21.065308], [105.88132, 21.065639], [105.881321, 21.065823], [105.881128, 21.066227], [105.880744, 21.067514], [105.87997, 21.068913], [105.87834, 21.071124], [105.878028, 21.071199], [105.87744, 21.071019], [105.877086, 21.070653], [105.876616, 21.070472], [105.876458, 21.070326], [105.876145, 21.070255], [105.875831, 21.070036], [105.875479, 21.069964], [105.875164, 21.069746], [105.874812, 21.069674], [105.874576, 21.069455], [105.874106, 21.069311], [105.873909, 21.069128], [105.873439, 21.068984], [105.873164, 21.068765], [105.872812, 21.068693], [105.872537, 21.068474], [105.872302, 21.068439], [105.871674, 21.068112], [105.871322, 21.06804], [105.871204, 21.067931], [105.870851, 21.067859], [105.870616, 21.067677], [105.870107, 21.067569], [105.869989, 21.06746], [105.86944, 21.067352], [105.869205, 21.067207], [105.868265, 21.067028], [105.867677, 21.066811], [105.867443, 21.066848], [105.867012, 21.066704], [105.866542, 21.06667], [105.866189, 21.066525], [105.865994, 21.066599], [105.865525, 21.066528], [105.865173, 21.06664], [105.864704, 21.066642], [105.863923, 21.06694], [105.863533, 21.067015], [105.863221, 21.067237], [105.862909, 21.067312], [105.862753, 21.06746], [105.862207, 21.067683], [105.862012, 21.067867], [105.861622, 21.068016], [105.861311, 21.068311], [105.860999, 21.068386], [105.860648, 21.068682], [105.860453, 21.068756], [105.860142, 21.069088], [105.859869, 21.0692], [105.859558, 21.069532], [105.859324, 21.069643], [105.858935, 21.070086], [105.858818, 21.070123], [105.85804, 21.070824], [105.857846, 21.071082], [105.856795, 21.071969], [105.856172, 21.072412], [105.856016, 21.07245], [105.855705, 21.072782], [105.85547, 21.072856], [105.855198, 21.073151], [105.854925, 21.073263], [105.854575, 21.073595], [105.854263, 21.073707], [105.853952, 21.074039], [105.85364, 21.07415], [105.853368, 21.074445], [105.853133, 21.07452], [105.852744, 21.074889], [105.85251, 21.074964], [105.85216, 21.075332], [105.851926, 21.075407], [105.851615, 21.075739], [105.851342, 21.075851], [105.851031, 21.076182], [105.850757, 21.076257], [105.850447, 21.076626], [105.85029, 21.076663], [105.849863, 21.077106], [105.849628, 21.077181], [105.848889, 21.077882], [105.848538, 21.078067], [105.84811, 21.078473], [105.847954, 21.078511], [105.847604, 21.078879], [105.84737, 21.078954], [105.847059, 21.079286], [105.846786, 21.079397], [105.846475, 21.079729], [105.846201, 21.079841], [105.846007, 21.080025], [105.845734, 21.0801], [105.845227, 21.080396], [105.844875, 21.080472], [105.844524, 21.080694], [105.843665, 21.080918], [105.843431, 21.080919], [105.843001, 21.081105], [105.842337, 21.081218], [105.841907, 21.081184], [105.841555, 21.081296], [105.841281, 21.081224]]]}}, {"type": "Feature", "properties": {"slug": "cau-giay", "name": "Phường Cầu Giấy", "short": "Cầu Giấy", "type": "phuong", "area_km2": 4.01, "source": "Số hoá từ Bản đồ phương án thành lập đơn vị hành chính (Sở Nội vụ TP Hà Nội), VN-2000 → WGS84", "fit_rms_m": 0.6, "method": "pink", "scale": null, "hq": [105.789541, 21.040015]}, "geometry": {"type": "Polygon", "coordinates": [[[105.797693, 21.042077], [105.797568, 21.042112], [105.797263, 21.042096], [105.797173, 21.042063], [105.79703, 21.042081], [105.796545, 21.041999], [105.796473, 21.042016], [105.796222, 21.04195], [105.79565, 21.04239], [105.795579, 21.042407], [105.795489, 21.042374], [105.795004, 21.042343], [105.794807, 21.042293], [105.794735, 21.042243], [105.794681, 21.042142], [105.794694, 21.041351], [105.794729, 21.041182], [105.794709, 21.040778], [105.794493, 21.040611], [105.794331, 21.040561], [105.793813, 21.040917], [105.793081, 21.041493], [105.793009, 21.04151], [105.792616, 21.041832], [105.792473, 21.0419], [105.792295, 21.042069], [105.792205, 21.042103], [105.792063, 21.042238], [105.791098, 21.042916], [105.790955, 21.043052], [105.790865, 21.043086], [105.790562, 21.04334], [105.790546, 21.043795], [105.790511, 21.043896], [105.790497, 21.044586], [105.790408, 21.044704], [105.790282, 21.044739], [105.787879, 21.04475], [105.787753, 21.044717], [105.787449, 21.044752], [105.786283, 21.04474], [105.786121, 21.044792], [105.785261, 21.044779], [105.785081, 21.04483], [105.784633, 21.044815], [105.7844, 21.044867], [105.783934, 21.044852], [105.783719, 21.044904], [105.783234, 21.044889], [105.782948, 21.044941], [105.782553, 21.044926], [105.78223, 21.044978], [105.781674, 21.044964], [105.781352, 21.045016], [105.781047, 21.045017], [105.780921, 21.044984], [105.780867, 21.044934], [105.780812, 21.044681], [105.780518, 21.039918], [105.780482, 21.039867], [105.780481, 21.039665], [105.780241, 21.038353], [105.78024, 21.038202], [105.780204, 21.038151], [105.780055, 21.037125], [105.779631, 21.034786], [105.77963, 21.034601], [105.779593, 21.034551], [105.779242, 21.032532], [105.779223, 21.032246], [105.778688, 21.029403], [105.778535, 21.027602], [105.778498, 21.02745], [105.778497, 21.027097], [105.778849, 21.025883], [105.778955, 21.025664], [105.77899, 21.025478], [105.779503, 21.024095], [105.782158, 21.020783], [105.782283, 21.020749], [105.782445, 21.020782], [105.783075, 21.02125], [105.783219, 21.021317], [105.783363, 21.021451], [105.783741, 21.021685], [105.783957, 21.021869], [105.784029, 21.021886], [105.784407, 21.022187], [105.784551, 21.022254], [105.784713, 21.022404], [105.784839, 21.022454], [105.785289, 21.022806], [105.785361, 21.022822], [105.785505, 21.022956], [105.785973, 21.023257], [105.786351, 21.023559], [105.786657, 21.023726], [105.787449, 21.024328], [105.787575, 21.024378], [105.787971, 21.024696], [105.788115, 21.024763], [105.788277, 21.024914], [105.788349, 21.02493], [105.788493, 21.025064], [105.788637, 21.025131], [105.789087, 21.025482], [105.789447, 21.025699], [105.789609, 21.02585], [105.789681, 21.025867], [105.789825, 21.026001], [105.789969, 21.026067], [105.790149, 21.026235], [105.790239, 21.026268], [105.790671, 21.02662], [105.790797, 21.02667], [105.791193, 21.027005], [105.791283, 21.027038], [105.792453, 21.027925], [105.792525, 21.027941], [105.793857, 21.028945], [105.793983, 21.028962], [105.794663, 21.028756], [105.794825, 21.028739], [105.797332, 21.02802], [105.797582, 21.027968], [105.797744, 21.028035], [105.797817, 21.02822], [105.797836, 21.028405], [105.797908, 21.028539], [105.797964, 21.028876], [105.798054, 21.028993], [105.798109, 21.029212], [105.79829, 21.029548], [105.798291, 21.029649], [105.798417, 21.02985], [105.798904, 21.030336], [105.798958, 21.030437], [105.799121, 21.030571], [105.799157, 21.030688], [105.799644, 21.031225], [105.79977, 21.031325], [105.799807, 21.031409], [105.800384, 21.03203], [105.800456, 21.032164], [105.800636, 21.032298], [105.800673, 21.032399], [105.800745, 21.032466], [105.800871, 21.032516], [105.800907, 21.032667], [105.80098, 21.032785], [105.801106, 21.032902], [105.801359, 21.033271], [105.801359, 21.033389], [105.801163, 21.033609], [105.800663, 21.034015], [105.800574, 21.034049], [105.800271, 21.034337], [105.799895, 21.034625], [105.797826, 21.036655], [105.797504, 21.036926], [105.797543, 21.037397], [105.797579, 21.037465], [105.79758, 21.0377], [105.797616, 21.037751], [105.797617, 21.037936], [105.797654, 21.037986], [105.797655, 21.038188], [105.79771, 21.038407], [105.797711, 21.038609], [105.797765, 21.03876], [105.797822, 21.039332], [105.797789, 21.039821], [105.797798, 21.041521], [105.797765, 21.041976], [105.797693, 21.042077]]]}}, {"type": "Feature", "properties": {"slug": "chuong-my", "name": "Phường Chương Mỹ", "short": "Chương Mỹ", "type": "phuong", "area_km2": 39.72, "source": "Số hoá từ Bản đồ phương án thành lập đơn vị hành chính (Sở Nội vụ TP Hà Nội), VN-2000 → WGS84", "fit_rms_m": 2.4, "method": "pink", "scale": null, "hq": [105.712322, 20.919045]}, "geometry": {"type": "Polygon", "coordinates": [[[105.695328, 20.96504], [105.694813, 20.964828], [105.693379, 20.963012], [105.693206, 20.962638], [105.692576, 20.962051], [105.692348, 20.961999], [105.691892, 20.962108], [105.690468, 20.962649], [105.689726, 20.962384], [105.688643, 20.962603], [105.687672, 20.962339], [105.687213, 20.961698], [105.685956, 20.961328], [105.685727, 20.961008], [105.685725, 20.960525], [105.68606, 20.95897], [105.685659, 20.958704], [105.683833, 20.958443], [105.682976, 20.958233], [105.682747, 20.957912], [105.682744, 20.957376], [105.682965, 20.955822], [105.682565, 20.955502], [105.680224, 20.954975], [105.679709, 20.95471], [105.679363, 20.953907], [105.679362, 20.953693], [105.678961, 20.953319], [105.678789, 20.952945], [105.678786, 20.952409], [105.679069, 20.951872], [105.679068, 20.951658], [105.678324, 20.951179], [105.677697, 20.951181], [105.67673, 20.951721], [105.676217, 20.95183], [105.663487, 20.949255], [105.662289, 20.949313], [105.662004, 20.949207], [105.661888, 20.948886], [105.661884, 20.947975], [105.662155, 20.944599], [105.662308, 20.94058], [105.662534, 20.940097], [105.662762, 20.939989], [105.66413, 20.939984], [105.664528, 20.939714], [105.664521, 20.938], [105.664736, 20.935159], [105.664963, 20.934837], [105.665533, 20.934674], [105.667415, 20.934827], [105.669696, 20.934818], [105.670267, 20.934923], [105.670722, 20.9346], [105.670718, 20.933689], [105.671001, 20.933152], [105.671342, 20.933044], [105.673453, 20.933089], [105.673907, 20.932766], [105.674019, 20.932283], [105.673788, 20.931481], [105.673387, 20.931214], [105.672646, 20.931217], [105.672246, 20.931112], [105.672017, 20.930791], [105.671898, 20.92972], [105.672124, 20.92929], [105.672579, 20.929074], [105.67292, 20.928698], [105.673318, 20.928589], [105.674459, 20.928585], [105.674857, 20.928315], [105.674952, 20.924029], [105.675178, 20.923706], [105.675577, 20.923598], [105.676548, 20.923862], [105.677116, 20.923431], [105.677052, 20.92177], [105.676694, 20.918343], [105.676349, 20.917701], [105.674116, 20.915727], [105.672397, 20.913805], [105.672508, 20.913109], [105.67296, 20.912196], [105.673185, 20.911391], [105.673411, 20.911015], [105.673523, 20.910533], [105.673749, 20.910157], [105.673861, 20.909674], [105.675328, 20.906079], [105.676224, 20.902486], [105.676562, 20.901573], [105.676616, 20.901037], [105.676387, 20.900824], [105.675988, 20.900718], [105.675472, 20.900131], [105.675129, 20.900025], [105.6749, 20.899705], [105.67501, 20.898847], [105.674781, 20.898526], [105.674779, 20.898205], [105.675061, 20.897507], [105.67505, 20.895096], [105.676184, 20.893645], [105.676523, 20.893001], [105.676574, 20.891554], [105.6768, 20.891178], [105.677085, 20.89107], [105.678569, 20.891439], [105.680168, 20.892076], [105.680453, 20.892021], [105.681076, 20.891215], [105.682717, 20.888315], [105.683228, 20.888045], [105.683685, 20.888204], [105.685974, 20.890124], [105.686489, 20.890443], [105.686717, 20.890389], [105.687227, 20.889797], [105.687626, 20.889689], [105.692532, 20.890312], [105.696008, 20.890137], [105.696406, 20.889867], [105.696403, 20.889224], [105.696516, 20.88901], [105.696971, 20.888633], [105.697083, 20.888311], [105.697595, 20.887934], [105.697593, 20.887559], [105.697819, 20.887236], [105.698389, 20.887127], [105.699017, 20.887339], [105.699872, 20.887282], [105.700099, 20.887066], [105.700097, 20.886638], [105.700493, 20.886047], [105.700892, 20.885884], [105.701232, 20.885508], [105.701801, 20.885345], [105.703455, 20.885392], [105.704026, 20.885604], [105.70403, 20.886461], [105.703579, 20.887588], [105.703524, 20.88807], [105.703018, 20.889412], [105.703019, 20.88968], [105.702119, 20.892255], [105.702121, 20.892737], [105.701782, 20.893381], [105.700939, 20.896064], [105.700892, 20.898261], [105.701121, 20.898474], [105.714348, 20.898366], [105.716173, 20.898412], [105.716686, 20.898517], [105.716971, 20.898408], [105.717712, 20.898405], [105.719192, 20.897917], [105.722377, 20.896296], [105.722776, 20.896187], [105.723461, 20.896291], [105.72409, 20.896771], [105.724148, 20.896931], [105.724606, 20.897305], [105.724779, 20.897732], [105.725408, 20.898158], [105.725581, 20.898586], [105.726154, 20.899066], [105.726786, 20.900081], [105.726787, 20.900296], [105.727245, 20.900722], [105.727361, 20.901097], [105.727819, 20.901631], [105.727993, 20.902166], [105.728337, 20.902593], [105.728396, 20.902914], [105.728797, 20.903395], [105.728914, 20.904037], [105.729316, 20.904571], [105.729317, 20.904839], [105.729489, 20.904999], [105.72972, 20.905587], [105.730236, 20.906228], [105.730352, 20.906602], [105.730696, 20.906922], [105.730812, 20.907297], [105.732359, 20.908898], [105.732816, 20.90911], [105.733274, 20.90959], [105.733674, 20.909749], [105.734076, 20.910176], [105.734533, 20.910335], [105.734933, 20.910708], [105.735333, 20.910814], [105.73562, 20.911188], [105.73625, 20.911667], [105.736652, 20.912415], [105.736655, 20.912898], [105.736485, 20.91322], [105.735576, 20.91392], [105.734893, 20.914137], [105.734609, 20.914406], [105.733016, 20.915163], [105.732676, 20.915486], [105.732391, 20.915541], [105.731484, 20.916724], [105.730523, 20.918335], [105.730524, 20.918657], [105.730298, 20.919033], [105.730359, 20.919729], [105.730189, 20.919997], [105.730305, 20.920372], [105.730252, 20.921283], [105.730372, 20.922408], [105.730319, 20.923319], [105.730434, 20.923479], [105.730495, 20.924443], [105.730442, 20.925193], [105.730557, 20.925354], [105.73056, 20.925889], [105.730446, 20.92605], [105.730448, 20.926318], [105.730562, 20.926479], [105.73057, 20.928032], [105.730457, 20.928194], [105.73046, 20.928783], [105.730233, 20.929105], [105.730179, 20.929802], [105.729897, 20.930339], [105.729899, 20.930714], [105.729616, 20.931305], [105.729618, 20.93168], [105.729335, 20.932056], [105.729337, 20.932538], [105.728941, 20.933075], [105.728773, 20.933826], [105.728547, 20.934149], [105.728548, 20.93447], [105.728208, 20.934954], [105.728097, 20.935544], [105.727758, 20.936134], [105.72759, 20.936885], [105.726968, 20.937852], [105.726913, 20.938281], [105.726573, 20.938711], [105.726348, 20.939355], [105.724987, 20.941022], [105.724588, 20.941131], [105.724017, 20.940919], [105.723499, 20.939903], [105.723496, 20.939421], [105.723266, 20.938993], [105.723149, 20.938297], [105.722919, 20.937923], [105.722918, 20.937709], [105.722631, 20.937388], [105.722343, 20.936693], [105.722056, 20.936427], [105.721883, 20.936052], [105.721482, 20.935679], [105.721254, 20.935626], [105.720853, 20.935199], [105.719254, 20.934724], [105.718056, 20.934729], [105.717544, 20.934892], [105.716745, 20.934895], [105.715037, 20.935438], [105.713731, 20.936676], [105.71356, 20.93673], [105.713107, 20.937268], [105.712765, 20.937376], [105.712141, 20.938129], [105.712028, 20.938344], [105.71203, 20.938719], [105.711747, 20.939095], [105.711692, 20.939631], [105.711522, 20.9399], [105.711525, 20.940435], [105.711931, 20.941934], [105.71262, 20.942949], [105.713537, 20.94391], [105.713653, 20.944231], [105.714855, 20.945136], [105.715369, 20.945295], [105.715598, 20.945508], [105.71634, 20.945666], [105.716627, 20.945933], [105.717084, 20.946038], [105.717485, 20.946465], [105.718113, 20.946623], [105.718571, 20.946996], [105.720171, 20.947632], [105.720457, 20.947845], [105.721142, 20.948003], [105.721486, 20.948323], [105.721943, 20.948482], [105.722458, 20.948855], [105.722972, 20.949013], [105.723431, 20.949493], [105.724461, 20.950186], [105.724978, 20.950933], [105.724979, 20.951308], [105.724866, 20.951523], [105.723389, 20.952601], [105.722251, 20.953249], [105.720828, 20.953844], [105.720658, 20.954006], [105.719632, 20.954278], [105.718548, 20.954175], [105.718149, 20.954231], [105.717185, 20.955306], [105.716048, 20.956061], [105.715308, 20.956386], [105.714738, 20.956549], [105.714282, 20.956551], [105.712454, 20.955915], [105.711884, 20.956078], [105.711486, 20.956402], [105.711031, 20.956564], [105.709611, 20.957802], [105.709098, 20.957965], [105.708355, 20.9577], [105.707611, 20.957061], [105.707211, 20.956848], [105.706983, 20.956902], [105.705903, 20.957764], [105.705106, 20.958035], [105.704535, 20.957931], [105.704305, 20.957503], [105.703904, 20.957237], [105.702878, 20.957402], [105.702707, 20.957349], [105.701739, 20.957621], [105.701054, 20.957623], [105.700655, 20.957518], [105.699394, 20.956344], [105.698938, 20.956346], [105.698028, 20.956886], [105.697515, 20.956995], [105.697172, 20.956889], [105.696943, 20.956676], [105.696368, 20.955553], [105.696139, 20.95534], [105.695568, 20.955235], [105.694713, 20.955453], [105.69369, 20.956153], [105.693577, 20.956475], [105.69358, 20.957011], [105.694443, 20.958722], [105.695304, 20.959897], [105.695306, 20.960272], [105.695192, 20.960433], [105.695252, 20.960969], [105.696057, 20.962466], [105.696175, 20.963215], [105.696463, 20.96375], [105.696465, 20.964286], [105.696295, 20.964608], [105.696011, 20.964823], [105.695328, 20.96504]]]}}, {"type": "Feature", "properties": {"slug": "cua-nam", "name": "Phường Cửa Nam", "short": "Cửa Nam", "type": "phuong", "area_km2": 1.7, "source": "Số hoá từ Bản đồ phương án thành lập đơn vị hành chính (Sở Nội vụ TP Hà Nội), VN-2000 → WGS84", "fit_rms_m": 1.9, "method": "pink", "scale": null, "hq": [105.851423, 21.02409]}, "geometry": {"type": "Polygon", "coordinates": [[[105.841461, 21.028218], [105.841489, 21.027927], [105.841437, 21.021317], [105.841448, 21.020653], [105.841521, 21.020556], [105.847802, 21.019031], [105.847861, 21.019044], [105.848023, 21.019016], [105.848228, 21.018946], [105.848655, 21.018888], [105.848832, 21.018832], [105.848861, 21.018846], [105.849082, 21.018803], [105.849244, 21.018747], [105.849303, 21.018761], [105.849685, 21.018662], [105.849744, 21.018675], [105.850112, 21.018577], [105.850171, 21.01859], [105.850333, 21.018562], [105.850538, 21.018492], [105.850597, 21.018505], [105.851142, 21.018378], [105.851201, 21.018392], [105.851421, 21.018321], [105.851598, 21.018307], [105.852157, 21.018179], [105.852186, 21.018193], [105.852422, 21.018123], [105.852495, 21.018136], [105.852628, 21.018094], [105.852716, 21.018107], [105.852848, 21.018065], [105.853069, 21.018078], [105.853143, 21.01805], [105.853349, 21.018049], [105.853717, 21.017978], [105.853923, 21.017991], [105.854232, 21.017934], [105.854336, 21.017961], [105.855074, 21.018358], [105.855295, 21.018399], [105.855354, 21.018385], [105.855561, 21.018453], [105.85562, 21.018439], [105.855752, 21.018479], [105.855797, 21.018465], [105.85618, 21.01856], [105.856224, 21.018546], [105.856386, 21.018573], [105.856608, 21.018641], [105.85677, 21.018668], [105.856814, 21.018654], [105.857183, 21.018749], [105.857256, 21.018735], [105.857463, 21.018803], [105.85761, 21.01883], [105.857684, 21.018815], [105.858053, 21.01891], [105.858112, 21.018896], [105.858495, 21.018991], [105.858554, 21.018977], [105.858716, 21.019031], [105.859025, 21.018961], [105.859157, 21.018905], [105.859305, 21.01889], [105.859407, 21.018834], [105.859716, 21.018764], [105.859863, 21.018694], [105.860216, 21.018623], [105.860495, 21.018511], [105.860628, 21.01851], [105.861025, 21.018397], [105.861452, 21.018437], [105.861851, 21.018532], [105.861939, 21.018531], [105.862087, 21.018572], [105.862161, 21.018668], [105.861989, 21.019527], [105.861807, 21.021215], [105.860967, 21.023626], [105.860923, 21.023695], [105.860793, 21.024124], [105.860298, 21.02515], [105.860195, 21.025178], [105.860062, 21.025165], [105.857009, 21.024489], [105.855627, 21.024856], [105.852186, 21.025869], [105.852024, 21.025897], [105.851803, 21.025981], [105.850715, 21.026277], [105.844951, 21.027993], [105.84326, 21.028569], [105.842791, 21.029055], [105.842703, 21.029111], [105.842644, 21.029125], [105.842467, 21.02907], [105.842349, 21.02896], [105.842275, 21.028933], [105.842171, 21.028823], [105.842083, 21.028796], [105.841949, 21.028644], [105.84155, 21.02837], [105.841461, 21.028218]]]}}, {"type": "Feature", "properties": {"slug": "dai-mo", "name": "Phường Đại Mỗ", "short": "Đại Mỗ", "type": "phuong", "area_km2": 8.22, "source": "Số hoá từ Bản đồ phương án thành lập đơn vị hành chính (Sở Nội vụ TP Hà Nội), VN-2000 → WGS84", "fit_rms_m": 2.3, "method": "pink", "scale": null, "hq": [105.787024, 20.989751]}, "geometry": {"type": "Polygon", "coordinates": [[[105.752735, 20.991547], [105.752827, 20.990954], [105.752983, 20.990716], [105.753961, 20.990326], [105.754149, 20.990177], [105.754622, 20.989967], [105.755094, 20.989609], [105.755093, 20.98949], [105.754903, 20.989313], [105.754523, 20.989137], [105.754016, 20.988783], [105.75354, 20.98837], [105.753476, 20.988252], [105.753475, 20.987925], [105.753569, 20.987717], [105.753567, 20.98751], [105.753693, 20.987302], [105.753816, 20.986619], [105.75391, 20.98647], [105.754033, 20.985847], [105.754127, 20.985698], [105.754157, 20.985401], [105.754251, 20.985223], [105.755476, 20.984001], [105.755634, 20.983941], [105.755886, 20.983703], [105.756673, 20.983195], [105.757207, 20.982748], [105.757459, 20.982628], [105.757774, 20.98233], [105.758183, 20.982121], [105.759064, 20.981434], [105.759568, 20.981136], [105.759819, 20.980897], [105.760386, 20.980539], [105.760983, 20.980061], [105.761235, 20.979912], [105.761551, 20.979822], [105.761898, 20.97985], [105.762435, 20.979758], [105.762845, 20.979757], [105.76332, 20.979962], [105.763794, 20.97993], [105.764268, 20.980136], [105.764332, 20.980254], [105.764368, 20.981055], [105.76459, 20.981202], [105.764717, 20.98138], [105.76485, 20.982743], [105.765072, 20.982891], [105.765546, 20.982977], [105.76583, 20.982947], [105.76621, 20.983093], [105.766274, 20.983212], [105.766185, 20.984428], [105.766312, 20.984546], [105.766787, 20.984692], [105.766881, 20.984662], [105.767038, 20.984513], [105.767195, 20.984216], [105.767192, 20.983712], [105.767317, 20.983533], [105.767633, 20.983472], [105.768329, 20.983766], [105.768772, 20.983882], [105.769279, 20.984266], [105.769437, 20.984295], [105.769913, 20.984589], [105.770293, 20.984914], [105.770673, 20.98512], [105.770927, 20.985356], [105.771529, 20.985739], [105.771687, 20.985708], [105.772001, 20.985351], [105.772222, 20.985291], [105.772348, 20.98532], [105.772728, 20.985526], [105.7732, 20.985168], [105.773421, 20.985107], [105.773706, 20.985195], [105.77399, 20.985134], [105.774211, 20.985193], [105.775257, 20.9859], [105.775446, 20.985899], [105.776077, 20.985718], [105.776235, 20.985747], [105.776964, 20.986159], [105.777218, 20.986395], [105.777471, 20.986512], [105.777915, 20.986866], [105.778136, 20.986954], [105.779088, 20.987662], [105.779626, 20.987986], [105.780419, 20.988605], [105.781021, 20.988928], [105.781147, 20.988898], [105.781273, 20.988779], [105.781806, 20.988035], [105.782907, 20.987318], [105.783191, 20.987257], [105.783506, 20.987108], [105.783695, 20.986929], [105.783757, 20.986721], [105.784135, 20.986512], [105.785175, 20.986092], [105.785553, 20.986001], [105.785868, 20.985821], [105.786846, 20.98555], [105.78713, 20.985549], [105.78754, 20.985428], [105.787951, 20.985426], [105.788298, 20.985336], [105.78855, 20.985364], [105.788897, 20.985273], [105.789435, 20.98533], [105.789939, 20.985209], [105.790918, 20.985205], [105.792238, 20.983894], [105.792459, 20.983833], [105.792743, 20.983891], [105.793441, 20.984452], [105.794297, 20.985011], [105.794741, 20.985424], [105.795026, 20.985542], [105.795248, 20.985748], [105.795597, 20.985954], [105.795787, 20.986161], [105.796167, 20.986337], [105.796484, 20.986632], [105.796801, 20.986779], [105.797087, 20.987074], [105.797403, 20.987221], [105.797626, 20.987457], [105.797847, 20.987516], [105.798355, 20.987988], [105.79864, 20.988076], [105.79883, 20.988312], [105.798832, 20.98852], [105.798769, 20.988639], [105.798015, 20.989413], [105.797953, 20.989621], [105.797733, 20.989711], [105.795659, 20.991797], [105.794684, 20.992514], [105.793487, 20.993112], [105.793361, 20.993232], [105.792668, 20.993561], [105.792164, 20.99389], [105.791849, 20.99401], [105.791093, 20.994429], [105.790968, 20.994548], [105.790652, 20.994668], [105.790464, 20.994847], [105.790464, 20.994965], [105.790623, 20.995113], [105.790813, 20.995171], [105.791764, 20.995879], [105.791954, 20.995937], [105.792905, 20.996645], [105.793159, 20.996762], [105.793666, 20.997145], [105.793887, 20.997233], [105.794395, 20.997646], [105.795282, 20.998176], [105.795536, 20.998412], [105.796075, 20.998706], [105.796297, 20.998913], [105.796487, 20.998971], [105.796899, 20.999296], [105.79709, 20.999532], [105.797091, 20.99971], [105.796966, 20.999918], [105.794768, 21.00245], [105.794329, 21.003134], [105.792823, 21.005039], [105.792666, 21.005188], [105.792445, 21.005249], [105.792224, 21.00519], [105.791939, 21.004984], [105.791622, 21.004867], [105.790924, 21.004277], [105.790734, 21.004218], [105.789403, 21.003305], [105.787915, 21.00263], [105.785764, 21.002195], [105.785354, 21.002197], [105.785196, 21.002138], [105.78409, 21.002143], [105.782922, 21.002327], [105.782543, 21.002328], [105.780902, 21.002632], [105.778347, 21.003237], [105.778158, 21.003238], [105.777432, 21.003449], [105.777053, 21.003481], [105.774025, 21.004177], [105.77393, 21.004147], [105.773204, 21.004358], [105.773141, 21.004329], [105.772636, 21.004479], [105.772573, 21.00445], [105.766421, 21.005872], [105.766168, 21.005873], [105.76579, 21.005964], [105.765507, 21.006202], [105.762351, 21.006839], [105.76213, 21.006781], [105.761939, 21.006515], [105.761938, 21.006337], [105.762093, 21.005743], [105.762218, 21.005535], [105.762185, 21.005149], [105.761961, 21.004676], [105.761484, 21.004055], [105.761386, 21.003462], [105.761475, 21.002365], [105.761537, 21.002127], [105.762101, 21.001116], [105.762099, 21.000701], [105.761811, 21.00002], [105.761586, 20.999161], [105.761394, 20.998776], [105.76136, 20.998361], [105.761737, 20.997825], [105.761923, 20.997231], [105.762174, 20.996904], [105.762489, 20.996665], [105.762488, 20.996546], [105.762361, 20.996399], [105.762265, 20.996132], [105.76217, 20.996044], [105.762074, 20.995777], [105.761724, 20.995245], [105.761213, 20.994268], [105.760577, 20.993381], [105.760227, 20.99276], [105.760068, 20.992612], [105.760004, 20.992435], [105.75975, 20.992139], [105.75877, 20.992114], [105.758613, 20.992174], [105.758455, 20.992115], [105.758202, 20.992146], [105.757917, 20.992058], [105.757728, 20.992118], [105.75757, 20.99206], [105.757286, 20.992091], [105.756906, 20.992003], [105.755896, 20.992008], [105.755263, 20.991892], [105.7546, 20.991925], [105.754284, 20.991837], [105.753558, 20.99184], [105.753399, 20.991782], [105.753147, 20.991812], [105.752862, 20.991725], [105.752735, 20.991547]]]}}, {"type": "Feature", "properties": {"slug": "dinh-cong", "name": "Phường Định Công", "short": "Định Công", "type": "phuong", "area_km2": 5.54, "source": "Số hoá từ Bản đồ phương án thành lập đơn vị hành chính (Sở Nội vụ TP Hà Nội), VN-2000 → WGS84", "fit_rms_m": 14.2, "method": "pink", "scale": null, "hq": [105.822484, 20.977483]}, "geometry": {"type": "Polygon", "coordinates": [[[105.806234, 20.979977], [105.806288, 20.979719], [105.808364, 20.976971], [105.808363, 20.976816], [105.808251, 20.976558], [105.80803, 20.976223], [105.808029, 20.97612], [105.807501, 20.975063], [105.807305, 20.974547], [105.806722, 20.973414], [105.80672, 20.973078], [105.806857, 20.972948], [105.808092, 20.972426], [105.808475, 20.972165], [105.809188, 20.9718], [105.809325, 20.971671], [105.809847, 20.971436], [105.810038, 20.97128], [105.810313, 20.971175], [105.810998, 20.970758], [105.811629, 20.970445], [105.811821, 20.97029], [105.812808, 20.969768], [105.813082, 20.96956], [105.813301, 20.969482], [105.813822, 20.969143], [105.814096, 20.969039], [105.814288, 20.968883], [105.814563, 20.968778], [105.815303, 20.96831], [105.815467, 20.968257], [105.815851, 20.967997], [105.816208, 20.96784], [105.817688, 20.966981], [105.817963, 20.96698], [105.818322, 20.967159], [105.81915, 20.967826], [105.819206, 20.967955], [105.820064, 20.968959], [105.820231, 20.969242], [105.820839, 20.969936], [105.821367, 20.970838], [105.821396, 20.971096], [105.821507, 20.971406], [105.821728, 20.97156], [105.824639, 20.970667], [105.824748, 20.970563], [105.824747, 20.970434], [105.824609, 20.970202], [105.824608, 20.970099], [105.824414, 20.969816], [105.824385, 20.969609], [105.824219, 20.969378], [105.824219, 20.969274], [105.824024, 20.968991], [105.823939, 20.968527], [105.824049, 20.968371], [105.825365, 20.967745], [105.825475, 20.967641], [105.825777, 20.967536], [105.825886, 20.967432], [105.826353, 20.967275], [105.826601, 20.967325], [105.827043, 20.967814], [105.827347, 20.968019], [105.827457, 20.968045], [105.828534, 20.968814], [105.828837, 20.96889], [105.829003, 20.969044], [105.829361, 20.969224], [105.829829, 20.96935], [105.830352, 20.969322], [105.830765, 20.969475], [105.831013, 20.9695], [105.834953, 20.970772], [105.8352, 20.970745], [105.835448, 20.970821], [105.836053, 20.970792], [105.836328, 20.970869], [105.836851, 20.97084], [105.837181, 20.970916], [105.837539, 20.970888], [105.838007, 20.970964], [105.838447, 20.970961], [105.838831, 20.970779], [105.839378, 20.970363], [105.840009, 20.970101], [105.840092, 20.970127], [105.840257, 20.970074], [105.840395, 20.970125], [105.840614, 20.970098], [105.841, 20.970174], [105.84111, 20.970148], [105.841303, 20.970198], [105.841413, 20.970353], [105.841415, 20.970559], [105.841038, 20.972008], [105.841004, 20.975754], [105.841148, 20.981875], [105.841158, 20.983631], [105.841103, 20.983735], [105.840966, 20.983813], [105.840582, 20.983893], [105.840389, 20.983842], [105.835356, 20.983867], [105.835218, 20.983816], [105.834915, 20.983843], [105.833705, 20.983823], [105.833567, 20.983772], [105.832302, 20.983778], [105.831835, 20.983884], [105.831148, 20.983939], [105.830543, 20.984071], [105.829254, 20.984671], [105.828405, 20.985373], [105.825943, 20.987736], [105.825206, 20.988747], [105.825014, 20.988877], [105.824876, 20.988903], [105.824601, 20.988801], [105.823826, 20.988004], [105.823025, 20.987311], [105.822803, 20.987028], [105.820569, 20.985824], [105.820237, 20.985593], [105.820181, 20.985439], [105.820071, 20.985336], [105.819327, 20.985029], [105.81927, 20.984823], [105.818993, 20.984463], [105.818961, 20.983636], [105.818821, 20.98312], [105.818738, 20.982992], [105.818707, 20.982372], [105.818622, 20.981907], [105.81851, 20.981649], [105.81851, 20.981494], [105.818205, 20.981083], [105.81804, 20.981083], [105.817876, 20.981239], [105.817766, 20.981265], [105.817547, 20.981499], [105.817327, 20.981578], [105.817109, 20.981837], [105.816972, 20.981889], [105.816725, 20.982149], [105.816616, 20.982175], [105.816479, 20.982305], [105.816424, 20.982434], [105.816178, 20.982616], [105.816096, 20.982823], [105.81585, 20.983031], [105.815714, 20.983264], [105.815467, 20.983317], [105.815163, 20.983215], [105.814334, 20.98247], [105.814223, 20.982187], [105.814001, 20.981929], [105.813724, 20.98144], [105.813502, 20.981208], [105.813419, 20.981002], [105.81328, 20.980848], [105.81303, 20.980384], [105.81292, 20.980281], [105.81278, 20.979972], [105.812504, 20.979637], [105.812339, 20.979638], [105.812174, 20.979794], [105.810043, 20.982387], [105.809851, 20.98244], [105.809658, 20.982389], [105.809465, 20.982235], [105.809354, 20.98221], [105.808747, 20.981748], [105.808444, 20.981594], [105.807063, 20.980619], [105.806539, 20.980312], [105.806234, 20.979977]]]}}, {"type": "Feature", "properties": {"slug": "dong-da", "name": "Phường Đống Đa", "short": "Đống Đa", "type": "phuong", "area_km2": 2.16, "source": "Số hoá từ Bản đồ phương án thành lập đơn vị hành chính (Sở Nội vụ TP Hà Nội), VN-2000 → WGS84", "fit_rms_m": 1.3, "method": "pink", "scale": null}, "geometry": {"type": "Polygon", "coordinates": [[[105.826096, 21.020701], [105.82576, 21.020797], [105.825591, 21.020735], [105.82549, 21.020609], [105.824401, 21.018435], [105.823655, 21.017175], [105.823282, 21.016703], [105.822844, 21.016611], [105.821532, 21.016617], [105.820926, 21.016431], [105.819301, 21.014638], [105.818862, 21.01423], [105.818761, 21.014199], [105.818459, 21.014358], [105.815276, 21.016616], [105.815041, 21.01668], [105.814771, 21.016618], [105.810737, 21.010763], [105.810736, 21.010573], [105.810903, 21.010351], [105.813886, 21.008474], [105.81499, 21.007426], [105.816025, 21.005968], [105.816425, 21.005303], [105.81679, 21.004322], [105.817023, 21.003879], [105.817022, 21.003721], [105.817621, 21.002455], [105.817653, 21.002265], [105.817953, 21.00179], [105.818256, 21.001725], [105.818694, 21.001881], [105.819336, 21.002415], [105.8218, 21.00414], [105.822683, 21.00562], [105.823807, 21.00811], [105.826693, 21.013055], [105.826896, 21.013275], [105.827098, 21.013274], [105.830452, 21.01152], [105.831022, 21.011328], [105.831393, 21.011484], [105.832542, 21.012426], [105.832611, 21.012742], [105.833963, 21.013998], [105.834065, 21.014187], [105.834067, 21.01444], [105.834, 21.014567], [105.832863, 21.015773], [105.831926, 21.01663], [105.830017, 21.018124], [105.829114, 21.018981], [105.828645, 21.019299], [105.826096, 21.020701]]]}}, {"type": "Feature", "properties": {"slug": "dong-ngac", "name": "Phường Đông Ngạc", "short": "Đông Ngạc", "type": "phuong", "area_km2": 9.03, "source": "Số hoá từ Bản đồ phương án thành lập đơn vị hành chính (Sở Nội vụ TP Hà Nội), VN-2000 → WGS84", "fit_rms_m": 1.6, "method": "pink", "scale": null, "hq": [105.777085, 21.07829]}, "geometry": {"type": "Polygon", "coordinates": [[[105.786468, 21.097889], [105.786116, 21.097891], [105.785764, 21.097975], [105.785382, 21.097894], [105.785119, 21.097978], [105.784942, 21.097924], [105.784679, 21.098008], [105.78415, 21.097955], [105.783799, 21.098039], [105.783183, 21.098042], [105.782977, 21.098098], [105.782654, 21.098017], [105.782391, 21.098101], [105.782068, 21.098075], [105.781745, 21.098131], [105.781481, 21.098077], [105.781217, 21.098161], [105.780748, 21.098136], [105.780601, 21.098192], [105.780396, 21.098138], [105.780132, 21.098194], [105.779867, 21.09814], [105.779428, 21.098252], [105.7789, 21.098255], [105.778577, 21.098311], [105.778196, 21.098258], [105.777932, 21.098342], [105.777814, 21.098315], [105.777551, 21.098371], [105.77711, 21.098318], [105.776847, 21.098402], [105.776406, 21.098376], [105.77582, 21.098489], [105.77538, 21.098436], [105.775116, 21.09852], [105.774734, 21.098494], [105.7745, 21.09855], [105.774236, 21.098496], [105.773943, 21.09858], [105.77362, 21.098554], [105.773473, 21.09861], [105.773209, 21.098556], [105.772945, 21.09864], [105.77274, 21.098586], [105.772622, 21.098476], [105.772473, 21.098174], [105.772472, 21.097871], [105.772354, 21.097706], [105.772352, 21.097376], [105.772263, 21.097156], [105.772261, 21.096908], [105.772143, 21.096633], [105.772141, 21.096303], [105.771993, 21.095973], [105.771931, 21.095368], [105.771752, 21.094873], [105.77172, 21.094377], [105.771602, 21.09413], [105.7716, 21.093827], [105.771482, 21.093607], [105.77148, 21.093332], [105.771361, 21.093057], [105.77136, 21.092754], [105.771271, 21.092562], [105.771269, 21.092176], [105.77118, 21.091984], [105.771179, 21.091846], [105.770913, 21.09138], [105.770912, 21.091242], [105.770764, 21.090995], [105.770614, 21.090307], [105.770668, 21.089398], [105.770726, 21.089315], [105.770694, 21.088875], [105.770753, 21.088792], [105.770721, 21.088379], [105.770803, 21.087277], [105.770862, 21.087194], [105.770857, 21.086286], [105.77094, 21.085239], [105.770998, 21.085101], [105.770966, 21.084743], [105.771051, 21.084109], [105.771049, 21.083641], [105.771107, 21.083559], [105.771129, 21.082237], [105.771187, 21.082099], [105.771185, 21.081658], [105.771243, 21.081575], [105.771212, 21.081107], [105.771323, 21.080033], [105.771401, 21.077995], [105.771459, 21.077912], [105.771427, 21.077417], [105.771454, 21.076976], [105.771513, 21.076893], [105.771508, 21.075929], [105.771566, 21.075846], [105.771534, 21.075268], [105.771646, 21.074249], [105.77167, 21.073285], [105.771728, 21.073202], [105.771697, 21.072734], [105.771755, 21.072651], [105.771723, 21.072266], [105.771779, 21.071715], [105.771573, 21.071578], [105.766117, 21.071603], [105.76597, 21.071659], [105.765823, 21.071604], [105.765559, 21.071606], [105.765413, 21.071661], [105.765002, 21.071608], [105.764856, 21.071664], [105.762978, 21.071672], [105.762772, 21.071618], [105.762566, 21.071399], [105.762478, 21.071372], [105.761774, 21.07154], [105.761422, 21.071542], [105.761217, 21.071487], [105.761099, 21.071323], [105.761155, 21.070882], [105.761151, 21.070166], [105.760945, 21.070029], [105.760827, 21.069865], [105.760825, 21.069341], [105.760736, 21.069204], [105.760732, 21.068488], [105.760906, 21.068129], [105.760934, 21.067881], [105.760787, 21.067744], [105.760523, 21.067691], [105.760346, 21.067581], [105.760313, 21.066728], [105.760195, 21.066618], [105.759724, 21.066427], [105.759518, 21.066263], [105.759487, 21.066015], [105.75937, 21.065906], [105.759193, 21.065879], [105.758666, 21.066047], [105.75852, 21.066157], [105.757759, 21.066381], [105.757466, 21.066548], [105.757173, 21.066604], [105.756383, 21.066966], [105.756148, 21.067022], [105.755943, 21.066968], [105.755795, 21.06672], [105.755615, 21.06595], [105.755526, 21.065785], [105.755525, 21.065593], [105.755436, 21.0654], [105.755434, 21.065042], [105.755492, 21.064932], [105.755756, 21.064821], [105.756223, 21.064433], [105.756369, 21.064212], [105.756515, 21.064184], [105.756807, 21.06388], [105.756924, 21.063852], [105.757128, 21.063603], [105.757421, 21.063409], [105.757625, 21.06316], [105.757771, 21.063104], [105.758384, 21.062468], [105.75853, 21.062413], [105.758793, 21.062136], [105.758998, 21.062025], [105.759231, 21.061721], [105.759377, 21.061665], [105.75964, 21.061361], [105.759816, 21.061305], [105.759932, 21.061195], [105.75999, 21.061002], [105.760195, 21.060918], [105.760487, 21.060614], [105.760604, 21.060586], [105.761071, 21.060088], [105.76151, 21.059976], [105.761598, 21.059893], [105.76192, 21.059809], [105.762037, 21.059698], [105.762447, 21.059614], [105.762593, 21.059503], [105.763003, 21.059419], [105.76312, 21.059308], [105.76397, 21.059056], [105.764204, 21.05889], [105.764497, 21.058834], [105.764643, 21.058723], [105.765053, 21.058611], [105.76517, 21.0585], [105.765463, 21.058444], [105.765667, 21.058278], [105.766048, 21.058221], [105.766194, 21.05811], [105.766517, 21.058054], [105.766692, 21.057888], [105.767044, 21.057831], [105.767248, 21.057665], [105.767512, 21.057608], [105.767687, 21.057415], [105.768038, 21.057331], [105.768272, 21.057192], [105.768448, 21.057164], [105.768742, 21.057217], [105.769064, 21.057161], [105.769327, 21.056994], [105.769913, 21.056827], [105.770177, 21.056825], [105.770499, 21.056686], [105.770646, 21.056741], [105.770968, 21.056684], [105.771938, 21.05701], [105.772026, 21.056982], [105.772232, 21.057036], [105.772408, 21.057146], [105.772584, 21.057117], [105.772759, 21.056896], [105.772755, 21.05618], [105.772696, 21.056098], [105.772604, 21.055383], [105.772397, 21.055026], [105.772307, 21.05453], [105.772423, 21.054365], [105.772599, 21.054309], [105.772922, 21.054335], [105.773392, 21.05447], [105.773509, 21.054442], [105.774008, 21.05455], [105.77436, 21.054548], [105.774889, 21.054684], [105.775123, 21.054655], [105.775417, 21.054736], [105.775534, 21.054708], [105.775828, 21.05479], [105.776121, 21.054788], [105.776856, 21.05495], [105.777237, 21.054948], [105.777619, 21.055057], [105.777677, 21.055029], [105.77803, 21.05511], [105.778206, 21.055082], [105.778734, 21.055217], [105.778969, 21.055188], [105.779233, 21.05527], [105.77938, 21.055241], [105.77985, 21.055377], [105.779996, 21.055321], [105.780319, 21.05543], [105.780437, 21.055402], [105.781875, 21.055643], [105.78208, 21.055615], [105.782403, 21.055696], [105.782522, 21.05586], [105.782613, 21.056466], [105.783062, 21.058198], [105.783093, 21.058529], [105.783182, 21.058693], [105.783423, 21.059876], [105.784321, 21.063287], [105.78438, 21.063369], [105.78456, 21.064222], [105.784889, 21.065349], [105.78492, 21.065652], [105.785128, 21.066119], [105.785248, 21.066724], [105.785337, 21.066862], [105.785338, 21.067082], [105.785397, 21.067164], [105.785465, 21.068899], [105.785843, 21.073853], [105.786116, 21.075559], [105.786236, 21.075999], [105.786651, 21.076934], [105.787272, 21.077784], [105.788337, 21.079487], [105.788576, 21.080367], [105.78852, 21.080863], [105.788583, 21.081551], [105.788094, 21.083536], [105.787891, 21.084005], [105.787574, 21.08508], [105.787227, 21.08599], [105.786073, 21.089685], [105.786138, 21.090979], [105.78667, 21.097282], [105.786672, 21.097695], [105.786614, 21.097806], [105.786468, 21.097889]]]}}, {"type": "Feature", "properties": {"slug": "duong-noi", "name": "Phường Dương Nội", "short": "Dương Nội", "type": "phuong", "area_km2": 7.97, "source": "Số hoá từ Bản đồ phương án thành lập đơn vị hành chính (Sở Nội vụ TP Hà Nội), VN-2000 → WGS84", "fit_rms_m": 0.1, "method": "pink", "scale": null, "hq": [105.753454, 20.977105]}, "geometry": {"type": "Polygon", "coordinates": [[[105.730082, 20.991918], [105.729938, 20.99173], [105.729937, 20.991516], [105.730221, 20.991138], [105.730249, 20.99095], [105.730391, 20.990681], [105.730561, 20.990492], [105.730961, 20.990437], [105.731848, 20.990514], [105.732592, 20.990511], [105.73282, 20.990348], [105.732819, 20.990268], [105.734604, 20.986903], [105.73469, 20.986822], [105.734831, 20.986473], [105.735002, 20.986257], [105.736744, 20.985874], [105.737403, 20.986059], [105.737602, 20.985923], [105.738077, 20.983666], [105.738076, 20.983478], [105.738161, 20.983289], [105.738216, 20.982779], [105.738524, 20.981435], [105.738523, 20.98122], [105.738635, 20.980843], [105.738746, 20.980091], [105.73883, 20.979849], [105.738885, 20.979365], [105.73897, 20.97915], [105.739053, 20.978666], [105.739052, 20.978317], [105.739165, 20.978048], [105.739163, 20.977726], [105.739305, 20.97743], [105.739303, 20.977027], [105.739416, 20.976812], [105.739471, 20.976382], [105.739698, 20.976005], [105.740551, 20.975007], [105.74055, 20.9749], [105.740464, 20.974793], [105.738684, 20.973324], [105.738339, 20.972949], [105.738338, 20.972761], [105.738423, 20.9726], [105.73939, 20.971494], [105.739332, 20.97128], [105.738815, 20.970852], [105.738785, 20.970611], [105.738899, 20.970422], [105.738926, 20.970154], [105.739039, 20.969965], [105.739038, 20.969777], [105.73918, 20.969508], [105.739322, 20.969427], [105.739637, 20.969398], [105.739808, 20.969263], [105.739863, 20.968834], [105.739976, 20.968672], [105.740176, 20.968617], [105.740606, 20.968803], [105.740778, 20.968803], [105.740891, 20.968695], [105.740918, 20.968265], [105.741003, 20.968077], [105.74103, 20.967701], [105.741115, 20.967539], [105.741371, 20.96743], [105.741515, 20.967484], [105.741771, 20.967321], [105.74177, 20.967187], [105.741656, 20.96708], [105.741255, 20.967028], [105.741054, 20.966922], [105.740997, 20.966814], [105.741051, 20.966304], [105.740879, 20.96617], [105.740621, 20.966118], [105.740478, 20.96593], [105.740477, 20.965742], [105.740703, 20.965339], [105.740787, 20.964989], [105.741101, 20.96488], [105.741732, 20.965146], [105.74196, 20.965145], [105.742103, 20.96501], [105.742216, 20.964714], [105.742358, 20.964579], [105.742471, 20.964364], [105.74247, 20.964176], [105.742355, 20.964069], [105.741438, 20.963563], [105.741323, 20.963456], [105.741094, 20.963376], [105.740721, 20.963136], [105.739432, 20.962685], [105.739403, 20.962524], [105.739659, 20.962201], [105.739944, 20.962092], [105.740999, 20.96147], [105.74214, 20.961009], [105.742397, 20.960954], [105.74254, 20.960846], [105.74311, 20.960602], [105.744223, 20.960221], [105.745449, 20.95941], [105.745791, 20.959328], [105.745991, 20.959219], [105.746332, 20.958869], [105.747359, 20.958327], [105.747929, 20.957895], [105.748157, 20.957787], [105.748356, 20.957598], [105.748727, 20.957408], [105.749011, 20.957165], [105.749496, 20.956868], [105.749696, 20.956813], [105.749866, 20.956624], [105.751633, 20.955515], [105.752832, 20.955054], [105.753574, 20.954835], [105.754573, 20.954428], [105.754773, 20.954481], [105.757155, 20.956243], [105.757528, 20.956429], [105.757815, 20.956723], [105.760713, 20.958832], [105.764847, 20.962117], [105.764905, 20.962224], [105.764906, 20.962412], [105.764735, 20.962628], [105.764364, 20.96279], [105.764193, 20.962925], [105.763823, 20.963088], [105.762026, 20.964117], [105.761599, 20.964307], [105.761485, 20.964415], [105.761057, 20.964604], [105.760943, 20.964712], [105.760572, 20.964875], [105.758776, 20.965904], [105.758548, 20.965985], [105.758234, 20.966202], [105.755896, 20.967447], [105.755583, 20.967663], [105.755354, 20.967745], [105.754499, 20.968259], [105.754185, 20.968395], [105.753758, 20.968692], [105.753845, 20.96896], [105.75396, 20.969067], [105.75445, 20.969871], [105.755485, 20.971021], [105.755687, 20.971315], [105.758013, 20.973319], [105.761486, 20.975936], [105.761831, 20.976256], [105.761945, 20.976283], [105.762692, 20.976897], [105.762892, 20.977004], [105.763208, 20.977297], [105.763811, 20.977724], [105.763926, 20.977885], [105.763927, 20.978046], [105.763785, 20.978235], [105.755437, 20.98418], [105.754299, 20.985313], [105.753568, 20.987895], [105.75357, 20.988163], [105.754316, 20.988778], [105.755091, 20.989231], [105.75532, 20.989418], [105.755321, 20.989632], [105.755065, 20.989875], [105.753982, 20.990471], [105.753125, 20.990824], [105.752955, 20.990986], [105.752757, 20.991551], [105.752615, 20.991632], [105.752386, 20.99166], [105.74723, 20.98999], [105.746858, 20.989911], [105.746572, 20.989778], [105.746257, 20.98978], [105.742556, 20.993153], [105.742016, 20.993854], [105.741735, 20.994848], [105.741479, 20.994957], [105.740906, 20.994879], [105.740333, 20.994693], [105.73936, 20.994483], [105.739016, 20.99435], [105.738759, 20.994324], [105.738501, 20.994218], [105.738243, 20.994192], [105.737871, 20.99406], [105.737012, 20.993875], [105.736582, 20.993716], [105.736525, 20.993743], [105.736153, 20.99361], [105.73558, 20.993506], [105.734607, 20.993187], [105.734206, 20.993109], [105.733976, 20.993002], [105.733748, 20.992976], [105.73286, 20.992685], [105.732459, 20.992606], [105.732316, 20.992526], [105.732001, 20.992474], [105.731686, 20.992341], [105.731342, 20.992288], [105.731141, 20.992182], [105.730798, 20.99213], [105.730397, 20.99197], [105.730082, 20.991918]]]}}, {"type": "Feature", "properties": {"slug": "giang-vo", "name": "Phường Giảng Võ", "short": "Giảng Võ", "type": "phuong", "area_km2": 2.64, "source": "Số hoá từ Bản đồ phương án thành lập đơn vị hành chính (Sở Nội vụ TP Hà Nội), VN-2000 → WGS84", "fit_rms_m": 0.1, "method": "pink", "scale": null, "hq": [105.811065, 21.029822]}, "geometry": {"type": "Polygon", "coordinates": [[[105.801374, 21.030337], [105.801535, 21.030141], [105.80172, 21.030096], [105.802482, 21.029658], [105.803868, 21.029043], [105.8047, 21.028821], [105.804954, 21.028711], [105.805717, 21.028534], [105.805879, 21.028446], [105.806966, 21.028202], [105.807498, 21.028025], [105.80833, 21.027826], [105.808862, 21.027606], [105.809023, 21.027453], [105.809277, 21.027321], [105.80953, 21.027081], [105.811117, 21.025138], [105.811117, 21.02503], [105.811024, 21.024921], [105.810977, 21.024769], [105.810743, 21.024423], [105.810322, 21.02362], [105.810112, 21.023339], [105.809364, 21.021973], [105.809247, 21.021843], [105.808709, 21.020845], [105.808195, 21.020022], [105.808194, 21.019804], [105.808286, 21.019673], [105.809603, 21.019102], [105.81048, 21.018663], [105.810619, 21.01864], [105.810804, 21.018509], [105.811682, 21.018135], [105.81249, 21.017697], [105.812813, 21.017586], [105.812928, 21.017477], [105.813044, 21.017455], [105.813159, 21.017367], [105.813437, 21.017301], [105.813829, 21.017081], [105.814499, 21.016796], [105.814568, 21.01673], [105.814892, 21.016642], [105.815031, 21.016684], [105.815357, 21.017074], [105.815451, 21.017269], [105.815567, 21.017378], [105.816244, 21.018353], [105.817154, 21.019544], [105.817341, 21.019869], [105.817854, 21.020541], [105.818484, 21.021494], [105.818624, 21.021624], [105.818671, 21.021776], [105.818787, 21.021884], [105.818881, 21.022079], [105.819184, 21.022447], [105.819814, 21.023379], [105.820443, 21.023985], [105.820838, 21.024287], [105.821257, 21.024764], [105.821886, 21.025326], [105.823304, 21.026384], [105.823537, 21.026622], [105.823629, 21.026644], [105.823816, 21.026838], [105.824537, 21.027378], [105.824723, 21.027573], [105.824816, 21.027594], [105.826258, 21.028761], [105.826955, 21.029258], [105.827071, 21.029301], [105.82735, 21.02956], [105.827629, 21.029711], [105.827815, 21.029906], [105.827908, 21.029927], [105.82842, 21.030316], [105.828559, 21.030468], [105.828652, 21.030489], [105.829397, 21.031116], [105.829489, 21.031137], [105.829885, 21.031548], [105.829887, 21.031766], [105.829957, 21.031917], [105.829958, 21.032048], [105.829889, 21.032244], [105.829659, 21.032397], [105.828895, 21.032597], [105.828177, 21.032448], [105.828015, 21.032449], [105.826809, 21.03215], [105.82667, 21.032173], [105.825001, 21.031855], [105.824955, 21.031877], [105.823471, 21.031601], [105.823263, 21.031602], [105.822475, 21.031432], [105.822336, 21.031454], [105.821733, 21.031305], [105.821525, 21.031306], [105.821409, 21.031263], [105.821293, 21.031286], [105.820296, 21.031095], [105.820181, 21.031117], [105.81923, 21.030926], [105.818651, 21.030842], [105.818535, 21.030864], [105.817886, 21.030715], [105.817515, 21.030695], [105.817307, 21.030631], [105.816242, 21.030679], [105.815918, 21.03079], [105.815571, 21.030835], [105.814577, 21.0311], [105.814484, 21.031079], [105.814068, 21.031212], [105.81349, 21.031323], [105.813351, 21.031432], [105.813352, 21.031585], [105.813446, 21.03178], [105.813446, 21.031889], [105.81354, 21.03204], [105.813587, 21.032279], [105.813775, 21.032735], [105.813776, 21.032844], [105.814081, 21.033646], [105.814082, 21.033864], [105.813967, 21.033973], [105.813597, 21.034062], [105.813343, 21.034172], [105.813204, 21.034172], [105.812973, 21.03426], [105.812603, 21.034327], [105.812326, 21.034438], [105.811863, 21.034527], [105.810753, 21.03488], [105.810337, 21.034969], [105.809898, 21.03521], [105.808812, 21.035628], [105.808697, 21.035737], [105.808583, 21.036064], [105.80833, 21.036304], [105.807728, 21.036394], [105.80752, 21.036482], [105.807105, 21.036767], [105.806643, 21.036943], [105.806296, 21.03701], [105.806087, 21.036924], [105.805993, 21.03675], [105.805993, 21.036642], [105.805899, 21.036512], [105.805875, 21.03636], [105.805199, 21.035471], [105.804989, 21.035125], [105.804826, 21.034973], [105.804755, 21.0348], [105.804452, 21.034453], [105.804405, 21.034301], [105.804266, 21.034171], [105.803845, 21.033478], [105.803729, 21.03337], [105.803658, 21.033196], [105.803379, 21.032849], [105.803262, 21.032611], [105.803029, 21.032395], [105.802935, 21.032221], [105.802563, 21.031853], [105.80205, 21.031225], [105.801794, 21.031031], [105.801631, 21.030749], [105.801421, 21.030554], [105.801374, 21.030337]]]}}, {"type": "Feature", "properties": {"slug": "ha-dong", "name": "Phường Hà Đông", "short": "Hà Đông", "type": "phuong", "area_km2": 9.55, "source": "Số hoá từ Bản đồ phương án thành lập đơn vị hành chính (Sở Nội vụ TP Hà Nội), VN-2000 → WGS84", "fit_rms_m": 7.4, "method": "pink", "scale": null, "hq": [105.769827, 20.965741]}, "geometry": {"type": "Polygon", "coordinates": [[[105.798793, 20.977983], [105.798626, 20.978221], [105.798332, 20.978301], [105.797406, 20.978108], [105.797238, 20.978148], [105.795441, 20.98021], [105.795275, 20.980526], [105.792559, 20.983658], [105.792476, 20.983895], [105.791891, 20.984411], [105.791013, 20.985363], [105.790719, 20.985443], [105.789836, 20.985408], [105.789374, 20.985528], [105.788743, 20.985452], [105.788239, 20.985573], [105.788113, 20.985534], [105.787651, 20.985655], [105.786811, 20.985738], [105.78572, 20.986058], [105.783916, 20.986777], [105.783498, 20.987293], [105.782533, 20.987731], [105.781696, 20.988367], [105.781529, 20.988683], [105.781237, 20.989001], [105.780943, 20.989081], [105.780311, 20.988807], [105.779973, 20.988493], [105.779805, 20.988454], [105.779509, 20.988179], [105.779341, 20.988141], [105.778454, 20.987474], [105.777316, 20.986768], [105.77702, 20.986493], [105.776008, 20.985866], [105.775084, 20.986068], [105.774789, 20.98599], [105.773988, 20.985401], [105.773441, 20.985286], [105.77277, 20.985723], [105.772602, 20.985763], [105.772139, 20.985607], [105.771762, 20.985885], [105.771468, 20.985966], [105.7713, 20.985927], [105.768811, 20.98424], [105.767716, 20.983772], [105.767548, 20.983812], [105.76738, 20.983971], [105.767382, 20.984247], [105.767048, 20.984762], [105.766544, 20.984843], [105.765955, 20.984727], [105.765786, 20.984491], [105.765864, 20.983346], [105.765611, 20.983149], [105.764643, 20.983035], [105.764474, 20.982799], [105.764383, 20.981497], [105.764003, 20.981064], [105.763999, 20.980354], [105.763704, 20.980158], [105.763325, 20.980159], [105.762694, 20.979965], [105.761979, 20.979928], [105.76181, 20.979692], [105.761892, 20.979297], [105.76252, 20.978781], [105.76319, 20.978383], [105.763567, 20.978026], [105.763566, 20.977868], [105.762806, 20.9772], [105.762131, 20.976769], [105.760949, 20.975788], [105.760696, 20.97567], [105.760316, 20.975317], [105.757827, 20.973472], [105.757024, 20.972726], [105.756012, 20.97194], [105.754321, 20.970053], [105.753643, 20.969029], [105.753599, 20.968674], [105.753683, 20.968516], [105.754059, 20.968198], [105.754437, 20.968078], [105.75473, 20.96784], [105.75603, 20.967203], [105.756826, 20.966686], [105.75712, 20.966606], [105.757329, 20.966407], [105.757665, 20.966287], [105.757916, 20.966089], [105.758126, 20.966048], [105.758796, 20.965572], [105.759257, 20.965412], [105.760515, 20.964656], [105.76085, 20.964536], [105.761101, 20.964337], [105.761311, 20.964297], [105.762023, 20.96382], [105.762317, 20.96374], [105.763197, 20.963183], [105.763407, 20.963143], [105.7637, 20.962905], [105.76391, 20.962864], [105.764287, 20.962586], [105.764958, 20.962307], [105.765253, 20.962384], [105.768924, 20.965289], [105.769135, 20.965367], [105.769303, 20.965327], [105.771978, 20.962433], [105.772011, 20.960696], [105.772219, 20.960339], [105.772513, 20.960259], [105.772808, 20.960337], [105.773188, 20.960651], [105.773567, 20.960847], [105.774158, 20.961357], [105.774369, 20.961435], [105.775381, 20.962181], [105.776099, 20.962849], [105.777323, 20.963791], [105.777449, 20.96375], [105.777741, 20.963433], [105.778707, 20.963113], [105.780344, 20.962869], [105.780471, 20.962908], [105.781521, 20.962705], [105.781647, 20.962744], [105.78257, 20.962543], [105.783201, 20.96254], [105.784085, 20.962812], [105.784633, 20.963046], [105.784886, 20.963322], [105.785013, 20.96336], [105.785474, 20.96324], [105.786231, 20.963236], [105.786524, 20.963038], [105.786523, 20.96284], [105.786396, 20.962643], [105.786393, 20.962091], [105.786517, 20.961774], [105.786851, 20.961299], [105.78832, 20.960858], [105.7892, 20.960301], [105.789492, 20.960023], [105.789744, 20.959943], [105.789995, 20.959705], [105.790373, 20.959625], [105.790666, 20.959465], [105.791632, 20.959303], [105.792811, 20.959613], [105.794113, 20.959568], [105.795166, 20.959839], [105.795503, 20.960114], [105.795885, 20.960783], [105.796181, 20.961019], [105.796265, 20.961176], [105.79627, 20.962045], [105.79695, 20.963463], [105.796952, 20.963739], [105.793194, 20.968495], [105.792776, 20.968931], [105.792359, 20.969564], [105.79236, 20.969762], [105.793246, 20.970508], [105.793755, 20.971295], [105.794053, 20.972044], [105.794272, 20.973622], [105.794441, 20.973779], [105.794567, 20.973818], [105.795322, 20.973538], [105.796416, 20.97373], [105.796585, 20.973966], [105.796547, 20.974598], [105.796716, 20.974755], [105.797431, 20.97495], [105.797557, 20.974909], [105.798609, 20.975141], [105.798693, 20.975102], [105.799072, 20.975258], [105.799157, 20.975415], [105.799159, 20.975731], [105.798993, 20.976166], [105.799038, 20.976679], [105.798793, 20.977983]]]}}, {"type": "Feature", "properties": {"slug": "hai-ba-trung", "name": "Phường Hai Bà Trưng", "short": "Hai Bà Trưng", "type": "phuong", "area_km2": 2.67, "source": "Số hoá từ Bản đồ phương án thành lập đơn vị hành chính (Sở Nội vụ TP Hà Nội), VN-2000 → WGS84", "fit_rms_m": 1.2, "method": "pink", "scale": null, "hq": [105.848769, 21.011388]}, "geometry": {"type": "Polygon", "coordinates": [[[105.841473, 21.020556], [105.841437, 21.020489], [105.841348, 21.007791], [105.841419, 21.00769], [105.841544, 21.007655], [105.841634, 21.007688], [105.84217, 21.007686], [105.84226, 21.007719], [105.842725, 21.0077], [105.842904, 21.007749], [105.843369, 21.007747], [105.843459, 21.00778], [105.843888, 21.007761], [105.844067, 21.007811], [105.844389, 21.007809], [105.844479, 21.007842], [105.844783, 21.007841], [105.844873, 21.007874], [105.845069, 21.007856], [105.845517, 21.007938], [105.845821, 21.007936], [105.846233, 21.008002], [105.847217, 21.008064], [105.849528, 21.00859], [105.849885, 21.008571], [105.850047, 21.008621], [105.851406, 21.008614], [105.851567, 21.008563], [105.852032, 21.008577], [105.852354, 21.008525], [105.852855, 21.00854], [105.852944, 21.008573], [105.853087, 21.008555], [105.853446, 21.008637], [105.853553, 21.00862], [105.855057, 21.008965], [105.855451, 21.009031], [105.85563, 21.009013], [105.855791, 21.009062], [105.85826, 21.00905], [105.858349, 21.009016], [105.85885, 21.008997], [105.860496, 21.009005], [105.860656, 21.008954], [105.860996, 21.008969], [105.861282, 21.008884], [105.86139, 21.0089], [105.861675, 21.008814], [105.861801, 21.008831], [105.86189, 21.008796], [105.862051, 21.008796], [105.862319, 21.00871], [105.862426, 21.008727], [105.862587, 21.008675], [105.863088, 21.00869], [105.863248, 21.008638], [105.863857, 21.008652], [105.863946, 21.008618], [105.864483, 21.008615], [105.864715, 21.008564], [105.865234, 21.008578], [105.865323, 21.008544], [105.865627, 21.008526], [105.865842, 21.008575], [105.865914, 21.008675], [105.865879, 21.008843], [105.86531, 21.009451], [105.865168, 21.009637], [105.865098, 21.009788], [105.86492, 21.009974], [105.864458, 21.010631], [105.86354, 21.012635], [105.86354, 21.012736], [105.86347, 21.012904], [105.863435, 21.013139], [105.863295, 21.013577], [105.863295, 21.013677], [105.863242, 21.013778], [105.863103, 21.014401], [105.86305, 21.014485], [105.86298, 21.014872], [105.862909, 21.015023], [105.86291, 21.015141], [105.862804, 21.015427], [105.862788, 21.015645], [105.862735, 21.01573], [105.862701, 21.016082], [105.862648, 21.0162], [105.862543, 21.016705], [105.862544, 21.016839], [105.862457, 21.017142], [105.862457, 21.017276], [105.862352, 21.01768], [105.862266, 21.018235], [105.862196, 21.01842], [105.862196, 21.018504], [105.862125, 21.018605], [105.861964, 21.018656], [105.861749, 21.01859], [105.861338, 21.018542], [105.861176, 21.018492], [105.860962, 21.01851], [105.859729, 21.018836], [105.859372, 21.018972], [105.858622, 21.019127], [105.858371, 21.019044], [105.858299, 21.019061], [105.858138, 21.019012], [105.858102, 21.019028], [105.857905, 21.018962], [105.85778, 21.018963], [105.857028, 21.018782], [105.856795, 21.018766], [105.855792, 21.018553], [105.855702, 21.01857], [105.855237, 21.018455], [105.855111, 21.018456], [105.854807, 21.01834], [105.854735, 21.018273], [105.85425, 21.018023], [105.854054, 21.018075], [105.853785, 21.018059], [105.853625, 21.01811], [105.853464, 21.018094], [105.852981, 21.018181], [105.852713, 21.018165], [105.852498, 21.0182], [105.851819, 21.018371], [105.851551, 21.01839], [105.851265, 21.018492], [105.851158, 21.018475], [105.850997, 21.018527], [105.850943, 21.01851], [105.849961, 21.018733], [105.849907, 21.018717], [105.849425, 21.018837], [105.849353, 21.01882], [105.848906, 21.01894], [105.848853, 21.018924], [105.84837, 21.019044], [105.84787, 21.019113], [105.845083, 21.019799], [105.84469, 21.019868], [105.843832, 21.020108], [105.843564, 21.020143], [105.843171, 21.020262], [105.843064, 21.020263], [105.842885, 21.020331], [105.842349, 21.020434], [105.841831, 21.020588], [105.841795, 21.020571], [105.841635, 21.020623], [105.841473, 21.020556]]]}}, {"type": "Feature", "properties": {"slug": "hoan-kiem", "name": "Phường Hoàn Kiếm", "short": "Hoàn Kiếm", "type": "phuong", "area_km2": 1.97, "source": "Số hoá từ Bản đồ phương án thành lập đơn vị hành chính (Sở Nội vụ TP Hà Nội), VN-2000 → WGS84", "fit_rms_m": 0.6, "method": "pink", "scale": null, "hq": [105.850302, 21.03006]}, "geometry": {"type": "Polygon", "coordinates": [[[105.844536, 21.039386], [105.844488, 21.03923], [105.844475, 21.039051], [105.844451, 21.039018], [105.844413, 21.038649], [105.84446, 21.038582], [105.844567, 21.038559], [105.844626, 21.038503], [105.844626, 21.038447], [105.844565, 21.038212], [105.844564, 21.038089], [105.844528, 21.038034], [105.844503, 21.037788], [105.844467, 21.037732], [105.844478, 21.037598], [105.844294, 21.036626], [105.844294, 21.036525], [105.844221, 21.036224], [105.84422, 21.036101], [105.844147, 21.035811], [105.844146, 21.035721], [105.844098, 21.035621], [105.844109, 21.035487], [105.844048, 21.035207], [105.844047, 21.035084], [105.844071, 21.03504], [105.844142, 21.034995], [105.844773, 21.034868], [105.844832, 21.034812], [105.844831, 21.034712], [105.844807, 21.034678], [105.844807, 21.034578], [105.844783, 21.034544], [105.844721, 21.034198], [105.844673, 21.034153], [105.84459, 21.034143], [105.844197, 21.034234], [105.844162, 21.034223], [105.843805, 21.034325], [105.843686, 21.034281], [105.843637, 21.034158], [105.843576, 21.033857], [105.843516, 21.033712], [105.843491, 21.033511], [105.843394, 21.033232], [105.843369, 21.033064], [105.843297, 21.032863], [105.843296, 21.032796], [105.843248, 21.032696], [105.843247, 21.032606], [105.843175, 21.032417], [105.843162, 21.032305], [105.843126, 21.032249], [105.843102, 21.03207], [105.843029, 21.031914], [105.843004, 21.03168], [105.842956, 21.031579], [105.842955, 21.031479], [105.842907, 21.031367], [105.842894, 21.031211], [105.842797, 21.030909], [105.842736, 21.030563], [105.842688, 21.03044], [105.842687, 21.030362], [105.842639, 21.030239], [105.842553, 21.029804], [105.842517, 21.029725], [105.842443, 21.02929], [105.842596, 21.029065], [105.842833, 21.028852], [105.842845, 21.028818], [105.843129, 21.028537], [105.843129, 21.028504], [105.843176, 21.028436], [105.844852, 21.027869], [105.846041, 21.027528], [105.846172, 21.027471], [105.855599, 21.024718], [105.856978, 21.024354], [105.857264, 21.024397], [105.860054, 21.025031], [105.860126, 21.025031], [105.860233, 21.025075], [105.860258, 21.025187], [105.860211, 21.025277], [105.859691, 21.026006], [105.858629, 21.027733], [105.857876, 21.029257], [105.857876, 21.029291], [105.857687, 21.029638], [105.857582, 21.029896], [105.857523, 21.029975], [105.857523, 21.030008], [105.85704, 21.030961], [105.856911, 21.031263], [105.856345, 21.032373], [105.856346, 21.032407], [105.855886, 21.033315], [105.855757, 21.033617], [105.855451, 21.0342], [105.855215, 21.034604], [105.855168, 21.034649], [105.855062, 21.034873], [105.85492, 21.035086], [105.854708, 21.035478], [105.854649, 21.035546], [105.854496, 21.035848], [105.853325, 21.03733], [105.853266, 21.037431], [105.853183, 21.03751], [105.852568, 21.038307], [105.85245, 21.03843], [105.852048, 21.038958], [105.851859, 21.039171], [105.851764, 21.039317], [105.851362, 21.0398], [105.851303, 21.039901], [105.85122, 21.039979], [105.851197, 21.040035], [105.850806, 21.040484], [105.850297, 21.040968], [105.850202, 21.040991], [105.850095, 21.040958], [105.849843, 21.040758], [105.84964, 21.040647], [105.849318, 21.04057], [105.849187, 21.040515], [105.84908, 21.040504], [105.848972, 21.040449], [105.848829, 21.040427], [105.848734, 21.040383], [105.84797, 21.040163], [105.847768, 21.040131], [105.847624, 21.040075], [105.847493, 21.040054], [105.84741, 21.040009], [105.847219, 21.039977], [105.84704, 21.039899], [105.846873, 21.039856], [105.846397, 21.039903], [105.846218, 21.039948], [105.846111, 21.039938], [105.845695, 21.040018], [105.845564, 21.039996], [105.845516, 21.039929], [105.845454, 21.039527], [105.845334, 21.039438], [105.84531, 21.039371], [105.845262, 21.039327], [105.845179, 21.039316], [105.844655, 21.039419], [105.844536, 21.039386]]]}}, {"type": "Feature", "properties": {"slug": "hoang-liet", "name": "Phường Hoàng Liệt", "short": "Hoàng Liệt", "type": "phuong", "area_km2": 4.2, "source": "Số hoá từ Bản đồ phương án thành lập đơn vị hành chính (Sở Nội vụ TP Hà Nội), VN-2000 → WGS84", "fit_rms_m": 9.0, "method": "pink", "scale": null, "hq": [105.837597, 20.966463]}, "geometry": {"type": "Polygon", "coordinates": [[[105.844234, 20.951168], [105.844016, 20.953202], [105.84267, 20.958278], [105.842543, 20.958446], [105.842495, 20.958949], [105.84222, 20.959883], [105.842101, 20.965909], [105.841987, 20.968182], [105.841514, 20.970193], [105.841464, 20.970289], [105.841337, 20.970361], [105.841108, 20.970386], [105.840828, 20.970316], [105.840522, 20.970341], [105.840242, 20.970271], [105.840064, 20.970295], [105.83948, 20.970561], [105.838744, 20.971067], [105.838465, 20.971164], [105.83765, 20.971144], [105.837522, 20.971097], [105.837115, 20.971123], [105.836784, 20.971053], [105.836504, 20.971078], [105.836274, 20.971008], [105.83574, 20.971034], [105.83551, 20.970963], [105.835027, 20.97099], [105.831405, 20.969812], [105.831176, 20.969789], [105.830436, 20.969553], [105.830283, 20.969578], [105.829952, 20.969508], [105.829697, 20.969509], [105.828626, 20.969156], [105.828294, 20.96887], [105.828089, 20.968776], [105.827936, 20.968633], [105.826914, 20.967968], [105.826581, 20.967611], [105.826351, 20.967445], [105.824396, 20.968411], [105.824294, 20.968507], [105.824116, 20.968556], [105.823862, 20.968509], [105.823425, 20.967746], [105.822554, 20.96689], [105.821915, 20.966367], [105.821787, 20.9662], [105.821685, 20.966176], [105.821506, 20.965986], [105.821224, 20.965796], [105.821123, 20.965772], [105.820892, 20.965534], [105.82079, 20.965511], [105.820304, 20.965131], [105.820151, 20.965084], [105.819717, 20.964727], [105.819538, 20.964656], [105.819384, 20.96449], [105.819282, 20.964466], [105.819027, 20.964276], [105.818003, 20.963324], [105.817569, 20.963087], [105.817109, 20.962731], [105.817007, 20.962707], [105.816802, 20.962541], [105.816649, 20.962494], [105.816521, 20.962375], [105.816215, 20.962209], [105.815909, 20.962091], [105.815577, 20.961877], [105.815347, 20.961831], [105.815219, 20.961712], [105.815016, 20.961665], [105.814862, 20.961546], [105.814709, 20.961523], [105.814581, 20.961404], [105.814352, 20.961333], [105.814122, 20.961191], [105.813688, 20.961049], [105.813535, 20.960883], [105.813254, 20.960693], [105.813101, 20.960646], [105.812793, 20.960265], [105.812766, 20.959978], [105.813044, 20.959546], [105.813171, 20.959474], [105.813552, 20.9594], [105.814113, 20.959445], [105.81447, 20.959563], [105.815158, 20.959703], [105.815208, 20.959679], [105.815795, 20.959844], [105.816711, 20.95972], [105.817524, 20.959477], [105.818412, 20.958827], [105.818791, 20.958371], [105.819044, 20.958178], [105.81907, 20.958106], [105.819627, 20.957554], [105.81988, 20.957361], [105.820109, 20.957312], [105.820617, 20.957094], [105.821177, 20.95702], [105.821482, 20.956923], [105.821736, 20.956922], [105.821863, 20.956873], [105.821991, 20.956897], [105.823339, 20.956675], [105.823441, 20.956698], [105.823974, 20.956576], [105.824178, 20.956599], [105.82545, 20.956354], [105.825856, 20.956089], [105.826186, 20.955968], [105.826313, 20.955847], [105.827074, 20.955437], [105.827834, 20.95474], [105.827936, 20.954716], [105.828366, 20.954307], [105.829406, 20.953537], [105.82971, 20.953416], [105.830091, 20.953151], [105.83037, 20.953054], [105.830497, 20.952934], [105.83098, 20.95274], [105.831157, 20.952572], [105.831284, 20.952547], [105.831766, 20.952282], [105.832503, 20.952039], [105.832757, 20.95199], [105.833445, 20.951987], [105.833852, 20.952056], [105.833979, 20.952008], [105.834387, 20.951982], [105.834616, 20.952053], [105.8351, 20.952026], [105.835635, 20.952143], [105.835787, 20.952119], [105.836042, 20.952165], [105.83691, 20.952544], [105.837063, 20.952567], [105.837471, 20.952804], [105.837624, 20.952827], [105.837854, 20.952993], [105.837982, 20.953017], [105.838161, 20.953183], [105.838365, 20.95323], [105.838748, 20.953491], [105.839463, 20.953846], [105.83959, 20.953869], [105.839744, 20.953988], [105.840508, 20.954128], [105.841144, 20.954005], [105.841321, 20.953861], [105.841474, 20.953812], [105.8416, 20.953692], [105.84193, 20.953523], [105.842259, 20.953139], [105.842309, 20.952995], [105.842461, 20.952851], [105.842509, 20.952325], [105.84256, 20.952253], [105.842558, 20.95199], [105.842609, 20.951918], [105.842607, 20.951655], [105.842658, 20.951583], [105.842656, 20.95132], [105.842707, 20.951248], [105.842706, 20.951128], [105.842807, 20.950984], [105.842985, 20.950935], [105.843647, 20.950932], [105.844131, 20.951025], [105.844234, 20.951168]]]}}, {"type": "Feature", "properties": {"slug": "hoang-mai", "name": "Phường Hoàng Mai", "short": "Hoàng Mai", "type": "phuong", "area_km2": 8.93, "source": "Số hoá từ Bản đồ phương án thành lập đơn vị hành chính (Sở Nội vụ TP Hà Nội), VN-2000 → WGS84", "fit_rms_m": 1.4, "method": "pink", "scale": null, "hq": [105.848313, 20.968205]}, "geometry": {"type": "Polygon", "coordinates": [[[105.889202, 20.979468], [105.889035, 20.97969], [105.888665, 20.979787], [105.888059, 20.979822], [105.887723, 20.979918], [105.887588, 20.979887], [105.886814, 20.98005], [105.886645, 20.980019], [105.886343, 20.980115], [105.88614, 20.980085], [105.885838, 20.980181], [105.885669, 20.98015], [105.88402, 20.980444], [105.883751, 20.980445], [105.879113, 20.982399], [105.878811, 20.982464], [105.87871, 20.982559], [105.878407, 20.982624], [105.876492, 20.983393], [105.87555, 20.983683], [105.873394, 20.983694], [105.87299, 20.983633], [105.872821, 20.983697], [105.872047, 20.983733], [105.871137, 20.983706], [105.870565, 20.983803], [105.864198, 20.983804], [105.86403, 20.983868], [105.863861, 20.983806], [105.859246, 20.983861], [105.858033, 20.983835], [105.857865, 20.983773], [105.857595, 20.983838], [105.857326, 20.983776], [105.857057, 20.98384], [105.856888, 20.983778], [105.853283, 20.983828], [105.851498, 20.983805], [105.851329, 20.983742], [105.851161, 20.983807], [105.850824, 20.983745], [105.850622, 20.983809], [105.850453, 20.983747], [105.846377, 20.983799], [105.845973, 20.983738], [105.845602, 20.983771], [105.845366, 20.983709], [105.845198, 20.983773], [105.84156, 20.983823], [105.840987, 20.983731], [105.840817, 20.98351], [105.840631, 20.974272], [105.840686, 20.972089], [105.84141, 20.969143], [105.841475, 20.968668], [105.841608, 20.96832], [105.841729, 20.965851], [105.841863, 20.965661], [105.842098, 20.965596], [105.844624, 20.965584], [105.844792, 20.96552], [105.845129, 20.965518], [105.845332, 20.96558], [105.8455, 20.965516], [105.84843, 20.965502], [105.848598, 20.965437], [105.851663, 20.965422], [105.855062, 20.964899], [105.855365, 20.964897], [105.856307, 20.964703], [105.856644, 20.964701], [105.856812, 20.964637], [105.857149, 20.964635], [105.857721, 20.964506], [105.858462, 20.964439], [105.861355, 20.963918], [105.86506, 20.963899], [105.865229, 20.963962], [105.865431, 20.963897], [105.865633, 20.96396], [105.86853, 20.963913], [105.868867, 20.964007], [105.871091, 20.964185], [105.873351, 20.964616], [105.875377, 20.965524], [105.877408, 20.967222], [105.879071, 20.969301], [105.881075, 20.972233], [105.882531, 20.973523], [105.885371, 20.975343], [105.887098, 20.976853], [105.887776, 20.977545], [105.889065, 20.979057], [105.889201, 20.979278], [105.889202, 20.979468]]]}}, {"type": "Feature", "properties": {"slug": "hong-ha", "name": "Phường Hồng Hà", "short": "Hồng Hà", "type": "phuong", "area_km2": 15.68, "source": "Số hoá từ Bản đồ phương án thành lập đơn vị hành chính (Sở Nội vụ TP Hà Nội), VN-2000 → WGS84", "fit_rms_m": 3.4, "method": "pink", "scale": null, "hq": [105.848449, 21.047855]}, "geometry": {"type": "Polygon", "coordinates": [[[105.821063, 21.093183], [105.816339, 21.084853], [105.816337, 21.084425], [105.816845, 21.083458], [105.816956, 21.082869], [105.818538, 21.080077], [105.818935, 21.0797], [105.819047, 21.079378], [105.819444, 21.078948], [105.81967, 21.078465], [105.819954, 21.078196], [105.820859, 21.076853], [105.823585, 21.074591], [105.825402, 21.072922], [105.825796, 21.071956], [105.825906, 21.071206], [105.825895, 21.069332], [105.826008, 21.069171], [105.826006, 21.068689], [105.827762, 21.066485], [105.828497, 21.065357], [105.829122, 21.064765], [105.830946, 21.064488], [105.83157, 21.063949], [105.831737, 21.063252], [105.831964, 21.06293], [105.832131, 21.062233], [105.832357, 21.061857], [105.832355, 21.061536], [105.83292, 21.060516], [105.833431, 21.060031], [105.83411, 21.059011], [105.834734, 21.058365], [105.834902, 21.057829], [105.835299, 21.057452], [105.836088, 21.055788], [105.836598, 21.055089], [105.836935, 21.054285], [105.837444, 21.053425], [105.837728, 21.053156], [105.83801, 21.052566], [105.840393, 21.050359], [105.840506, 21.05009], [105.841017, 21.049659], [105.841299, 21.049176], [105.842037, 21.04853], [105.84249, 21.047939], [105.843171, 21.047346], [105.844078, 21.046324], [105.844986, 21.04557], [105.845441, 21.045354], [105.846521, 21.044545], [105.847825, 21.043254], [105.848335, 21.042555], [105.849356, 21.04164], [105.849809, 21.041048], [105.850887, 21.040133], [105.85168, 21.039111], [105.851962, 21.038574], [105.854228, 21.035832], [105.854622, 21.034973], [105.855583, 21.033416], [105.855695, 21.032987], [105.855978, 21.03261], [105.856597, 21.031162], [105.856993, 21.030571], [105.856992, 21.030356], [105.857782, 21.02896], [105.857781, 21.028746], [105.858401, 21.027511], [105.858685, 21.027242], [105.859419, 21.02606], [105.859531, 21.025685], [105.859984, 21.025147], [105.86038, 21.024449], [105.860434, 21.024074], [105.860717, 21.023591], [105.860771, 21.023109], [105.860997, 21.022733], [105.861108, 21.022197], [105.861446, 21.021445], [105.861718, 21.019141], [105.861943, 21.018551], [105.86194, 21.018123], [105.862164, 21.017372], [105.862328, 21.01614], [105.862497, 21.015764], [105.86255, 21.015068], [105.862719, 21.014799], [105.862829, 21.014102], [105.863111, 21.013405], [105.863108, 21.01303], [105.863389, 21.012225], [105.863728, 21.011688], [105.863727, 21.011474], [105.864347, 21.010293], [105.8648, 21.009755], [105.864969, 21.009379], [105.869278, 21.005074], [105.870867, 21.003673], [105.871549, 21.003348], [105.871776, 21.003133], [105.872459, 21.002915], [105.872914, 21.002645], [105.873426, 21.002536], [105.873596, 21.002374], [105.873995, 21.002265], [105.874395, 21.00237], [105.877836, 21.005886], [105.877952, 21.0061], [105.877954, 21.006475], [105.877841, 21.00669], [105.877386, 21.00696], [105.876139, 21.008198], [105.875911, 21.008252], [105.874494, 21.009598], [105.874323, 21.009653], [105.87387, 21.010191], [105.873585, 21.010299], [105.872679, 21.011268], [105.87251, 21.011697], [105.87217, 21.01202], [105.871888, 21.01261], [105.871491, 21.012987], [105.871209, 21.013578], [105.870474, 21.014545], [105.870475, 21.014759], [105.870023, 21.015458], [105.869968, 21.015833], [105.869516, 21.016531], [105.869517, 21.016746], [105.869064, 21.01739], [105.869066, 21.017658], [105.868783, 21.018088], [105.868729, 21.018624], [105.868219, 21.019162], [105.868221, 21.019483], [105.867769, 21.020235], [105.867772, 21.020663], [105.867546, 21.021146], [105.867549, 21.021628], [105.866988, 21.02313], [105.86699, 21.023612], [105.866765, 21.024042], [105.866768, 21.024577], [105.866542, 21.024953], [105.866488, 21.025489], [105.866263, 21.026026], [105.8661, 21.027472], [105.86576, 21.027902], [105.865763, 21.028384], [105.865259, 21.02994], [105.865262, 21.030422], [105.864979, 21.030905], [105.864983, 21.031494], [105.864757, 21.03187], [105.86476, 21.032405], [105.864534, 21.032728], [105.864481, 21.033424], [105.864198, 21.033908], [105.864201, 21.034389], [105.863919, 21.034873], [105.863921, 21.035355], [105.863582, 21.035838], [105.863528, 21.036428], [105.862966, 21.037769], [105.862968, 21.038251], [105.862742, 21.038573], [105.862688, 21.039163], [105.862519, 21.039431], [105.862553, 21.045428], [105.86244, 21.04559], [105.862517, 21.049016], [105.862348, 21.049338], [105.862294, 21.049821], [105.861955, 21.050411], [105.8619, 21.050786], [105.861561, 21.051431], [105.861563, 21.051752], [105.861224, 21.052289], [105.861226, 21.05261], [105.861057, 21.052932], [105.860659, 21.053309], [105.860548, 21.053685], [105.860094, 21.054115], [105.859925, 21.054545], [105.859414, 21.055029], [105.859245, 21.055405], [105.858848, 21.055782], [105.858679, 21.056157], [105.857943, 21.057071], [105.857831, 21.057393], [105.857434, 21.057824], [105.857266, 21.05836], [105.856532, 21.059756], [105.856534, 21.060131], [105.856138, 21.060614], [105.856139, 21.060882], [105.855687, 21.061634], [105.855689, 21.061848], [105.85535, 21.062439], [105.855125, 21.063136], [105.854842, 21.063405], [105.85456, 21.063996], [105.853711, 21.065125], [105.853373, 21.06593], [105.852466, 21.066951], [105.852297, 21.067327], [105.851729, 21.067758], [105.851617, 21.068027], [105.850992, 21.068565], [105.850879, 21.068834], [105.850312, 21.069318], [105.850199, 21.069587], [105.848894, 21.070878], [105.848725, 21.0712], [105.848157, 21.071685], [105.847931, 21.072061], [105.846116, 21.073837], [105.84589, 21.074213], [105.844755, 21.075343], [105.844643, 21.075612], [105.844188, 21.075935], [105.843167, 21.076958], [105.842771, 21.077549], [105.842716, 21.077977], [105.842376, 21.078407], [105.842265, 21.078836], [105.841869, 21.079427], [105.841814, 21.079802], [105.841418, 21.080393], [105.841419, 21.080661], [105.840683, 21.081735], [105.840285, 21.081898], [105.838923, 21.083136], [105.838695, 21.083191], [105.83807, 21.083783], [105.837843, 21.083838], [105.837332, 21.084429], [105.83648, 21.08513], [105.836196, 21.085238], [105.835685, 21.085776], [105.834719, 21.08637], [105.834206, 21.08648], [105.833922, 21.086749], [105.833295, 21.086912], [105.832102, 21.087829], [105.831761, 21.087937], [105.831307, 21.088421], [105.830227, 21.08923], [105.829943, 21.089338], [105.828863, 21.090147], [105.82818, 21.090418], [105.827839, 21.090741], [105.827327, 21.090904], [105.826986, 21.091281], [105.826645, 21.091389], [105.826304, 21.091712], [105.825166, 21.0922], [105.823286, 21.092691], [105.822147, 21.093125], [105.82152, 21.093288], [105.821063, 21.093183]]]}}, {"type": "Feature", "properties": {"slug": "khuong-dinh", "name": "Phường Khương Đình", "short": "Khương Đình", "type": "phuong", "area_km2": 3.18, "source": "Số hoá từ Bản đồ phương án thành lập đơn vị hành chính (Sở Nội vụ TP Hà Nội), VN-2000 → WGS84", "fit_rms_m": 0.3, "method": "pink", "scale": null, "hq": [105.81748, 21.000872]}, "geometry": {"type": "Polygon", "coordinates": [[[105.82252, 21.002682], [105.820658, 21.003095], [105.82055, 21.003096], [105.82021, 21.003215], [105.819995, 21.003166], [105.819797, 21.002981], [105.818591, 21.002179], [105.818465, 21.002062], [105.818393, 21.002046], [105.814651, 20.999505], [105.814453, 20.999405], [105.814075, 20.999121], [105.814004, 20.999104], [105.813805, 20.998937], [105.813518, 20.99877], [105.813014, 20.998402], [105.812816, 20.998302], [105.812366, 20.997967], [105.808552, 20.995427], [105.807113, 20.994424], [105.807023, 20.99439], [105.804325, 20.992552], [105.804235, 20.992518], [105.803983, 20.992317], [105.803893, 20.992284], [105.803245, 20.991833], [105.803174, 20.991816], [105.803083, 20.991699], [105.803083, 20.991581], [105.80326, 20.991294], [105.803456, 20.991074], [105.803812, 20.990551], [105.804382, 20.989824], [105.804488, 20.989639], [105.805236, 20.988676], [105.805343, 20.98849], [105.80577, 20.987966], [105.806197, 20.987341], [105.806322, 20.987223], [105.806428, 20.987037], [105.806677, 20.98675], [105.806802, 20.98653], [105.806944, 20.986378], [105.807051, 20.986193], [105.807176, 20.986074], [105.807674, 20.985365], [105.807781, 20.985263], [105.807958, 20.984976], [105.808083, 20.984858], [105.808261, 20.984571], [105.808955, 20.983675], [105.809435, 20.982983], [105.810397, 20.98175], [105.811268, 20.980517], [105.811447, 20.980448], [105.811607, 20.980296], [105.812391, 20.979333], [105.812552, 20.979248], [105.812677, 20.979298], [105.812768, 20.979399], [105.813202, 20.980154], [105.813346, 20.980338], [105.813491, 20.980641], [105.81369, 20.980875], [105.813762, 20.981043], [105.813888, 20.981177], [105.813979, 20.981345], [105.814087, 20.981446], [105.814196, 20.981698], [105.814485, 20.982067], [105.814575, 20.982252], [105.815386, 20.983039], [105.815404, 20.983089], [105.815548, 20.983189], [105.81562, 20.983172], [105.816261, 20.982412], [105.816296, 20.982311], [105.816457, 20.982192], [105.816528, 20.982057], [105.816653, 20.982006], [105.817563, 20.981261], [105.817688, 20.981193], [105.817813, 20.981058], [105.817938, 20.981007], [105.818098, 20.980837], [105.81826, 20.980786], [105.818439, 20.980819], [105.818583, 20.981003], [105.818692, 20.981272], [105.818801, 20.98144], [105.818801, 20.981575], [105.818892, 20.981776], [105.818929, 20.982029], [105.818966, 20.982079], [105.818967, 20.982298], [105.819003, 20.982348], [105.819024, 20.982887], [105.819132, 20.983088], [105.819133, 20.983189], [105.81926, 20.983576], [105.819244, 20.983862], [105.819317, 20.984047], [105.819282, 20.984215], [105.819301, 20.984451], [105.819481, 20.984618], [105.819517, 20.984685], [105.819518, 20.984803], [105.819608, 20.984887], [105.820363, 20.985186], [105.820453, 20.985304], [105.820453, 20.985388], [105.820561, 20.985488], [105.820993, 20.985722], [105.821281, 20.985923], [105.82146, 20.985989], [105.821784, 20.986206], [105.822162, 20.98639], [105.822252, 20.986473], [105.822377, 20.986506], [105.823096, 20.986924], [105.823241, 20.987125], [105.823871, 20.987661], [105.824214, 20.988013], [105.824304, 20.988063], [105.824322, 20.988113], [105.824592, 20.988347], [105.824989, 20.988783], [105.824989, 20.988918], [105.824901, 20.989053], [105.823831, 20.990118], [105.823724, 20.990287], [105.82303, 20.991082], [105.822994, 20.991166], [105.822139, 20.992147], [105.82189, 20.992468], [105.821801, 20.992636], [105.821712, 20.992721], [105.821713, 20.992805], [105.821857, 20.993057], [105.821876, 20.993175], [105.822075, 20.993561], [105.822185, 20.993897], [105.822275, 20.994014], [105.822294, 20.994183], [105.822384, 20.994351], [105.822385, 20.994485], [105.822175, 20.995479], [105.822087, 20.995715], [105.822088, 20.99585], [105.822035, 20.995935], [105.822018, 20.996137], [105.821947, 20.996356], [105.821931, 20.996625], [105.821878, 20.99676], [105.821882, 20.997568], [105.821974, 20.998056], [105.821975, 20.998241], [105.821871, 20.998881], [105.821874, 20.999336], [105.821911, 20.999537], [105.822292, 21.000394], [105.822293, 21.000562], [105.822438, 21.000932], [105.822458, 21.001184], [105.822566, 21.001419], [105.822585, 21.001605], [105.822676, 21.00184], [105.822713, 21.002075], [105.822822, 21.00231], [105.822787, 21.002479], [105.822662, 21.002547], [105.82252, 21.002682]]]}}, {"type": "Feature", "properties": {"slug": "kien-hung", "name": "Phường Kiến Hưng", "short": "Kiến Hưng", "type": "phuong", "area_km2": 6.51, "source": "Số hoá từ Bản đồ phương án thành lập đơn vị hành chính (Sở Nội vụ TP Hà Nội), VN-2000 → WGS84", "fit_rms_m": 6.9, "method": "pink", "scale": null, "hq": [105.788071, 20.959578]}, "geometry": {"type": "Polygon", "coordinates": [[[105.754922, 20.954542], [105.755055, 20.954352], [105.75606, 20.954001], [105.758371, 20.953329], [105.758705, 20.95317], [105.759811, 20.952882], [105.76038, 20.952627], [105.762188, 20.952083], [105.762422, 20.951956], [105.763093, 20.951827], [105.763193, 20.951732], [105.763494, 20.951668], [105.763628, 20.951573], [105.764365, 20.95138], [105.764499, 20.951285], [105.765872, 20.950901], [105.766072, 20.950774], [105.766374, 20.950773], [105.76768, 20.950357], [105.767914, 20.950199], [105.768216, 20.950134], [105.76835, 20.950039], [105.76969, 20.949718], [105.769957, 20.949528], [105.772569, 20.948697], [105.773138, 20.948568], [105.773406, 20.948409], [105.773741, 20.948345], [105.774544, 20.948026], [105.775516, 20.94777], [105.77575, 20.947643], [105.776889, 20.947322], [105.778998, 20.946588], [105.779668, 20.946427], [105.779802, 20.946332], [105.78305, 20.945309], [105.783217, 20.945214], [105.791756, 20.942496], [105.791991, 20.942558], [105.792126, 20.942747], [105.792161, 20.942998], [105.79233, 20.943281], [105.792943, 20.945011], [105.793078, 20.945231], [105.793249, 20.945829], [105.793384, 20.946049], [105.793419, 20.946301], [105.793588, 20.946615], [105.793726, 20.947182], [105.79461, 20.949509], [105.794611, 20.949667], [105.794916, 20.950359], [105.794918, 20.950705], [105.794852, 20.950832], [105.79455, 20.950959], [105.794351, 20.951212], [105.794354, 20.951842], [105.794254, 20.952], [105.794255, 20.952252], [105.794494, 20.952881], [105.794495, 20.95307], [105.794767, 20.953857], [105.794939, 20.954644], [105.795242, 20.954863], [105.795409, 20.954799], [105.795711, 20.954861], [105.795948, 20.955143], [105.796317, 20.955173], [105.796754, 20.955423], [105.797392, 20.955577], [105.797561, 20.955734], [105.797663, 20.955954], [105.797634, 20.9569], [105.797937, 20.957087], [105.798207, 20.95737], [105.798341, 20.9574], [105.798643, 20.957305], [105.799214, 20.957428], [105.79955, 20.957678], [105.799787, 20.957961], [105.800089, 20.958117], [105.800559, 20.958209], [105.800961, 20.958113], [105.801329, 20.957765], [105.801562, 20.957417], [105.801896, 20.957289], [105.802165, 20.957351], [105.802334, 20.957508], [105.803179, 20.958796], [105.803382, 20.959173], [105.803417, 20.959488], [105.803218, 20.959741], [105.802481, 20.960091], [105.80208, 20.960376], [105.801511, 20.960599], [105.80091, 20.96098], [105.800274, 20.961267], [105.800107, 20.961425], [105.799739, 20.961553], [105.798836, 20.962124], [105.798167, 20.962443], [105.797733, 20.962791], [105.797367, 20.963392], [105.797066, 20.963519], [105.796763, 20.963394], [105.796153, 20.9622], [105.796051, 20.961917], [105.796114, 20.961192], [105.795777, 20.96091], [105.795506, 20.960407], [105.795034, 20.96], [105.794362, 20.959782], [105.793591, 20.95988], [105.793188, 20.959788], [105.793021, 20.959851], [105.792584, 20.959696], [105.791845, 20.959542], [105.791476, 20.959544], [105.791175, 20.959639], [105.79104, 20.959609], [105.790572, 20.959768], [105.79007, 20.960023], [105.789502, 20.960466], [105.788265, 20.961197], [105.787427, 20.961358], [105.787159, 20.961486], [105.786859, 20.961896], [105.78683, 20.962716], [105.786966, 20.962936], [105.786967, 20.963125], [105.7869, 20.963251], [105.7867, 20.963378], [105.786163, 20.963444], [105.785794, 20.963414], [105.785057, 20.963575], [105.784822, 20.963513], [105.784552, 20.963167], [105.784014, 20.962949], [105.783375, 20.962763], [105.782771, 20.962735], [105.781331, 20.963025], [105.781129, 20.962994], [105.780828, 20.96309], [105.78066, 20.963059], [105.780358, 20.963155], [105.780191, 20.963124], [105.779889, 20.96322], [105.779755, 20.963189], [105.779386, 20.963286], [105.779252, 20.963255], [105.778649, 20.963384], [105.778147, 20.963575], [105.777746, 20.963955], [105.777512, 20.964019], [105.777209, 20.963926], [105.775187, 20.962171], [105.774346, 20.961576], [105.774211, 20.961545], [105.773571, 20.961012], [105.772999, 20.960668], [105.772797, 20.960448], [105.772629, 20.960386], [105.772395, 20.960545], [105.77237, 20.962309], [105.772271, 20.962625], [105.771604, 20.963384], [105.77127, 20.963669], [105.770504, 20.964586], [105.770003, 20.965061], [105.769937, 20.965219], [105.769469, 20.965662], [105.769235, 20.965726], [105.769, 20.965664], [105.762062, 20.960213], [105.761894, 20.960182], [105.761658, 20.9599], [105.755159, 20.955013], [105.754923, 20.954731], [105.754922, 20.954542]]]}}, {"type": "Feature", "properties": {"slug": "kim-lien", "name": "Phường Kim Liên", "short": "Kim Liên", "type": "phuong", "area_km2": 2.55, "source": "Số hoá từ Bản đồ phương án thành lập đơn vị hành chính (Sở Nội vụ TP Hà Nội), VN-2000 → WGS84", "fit_rms_m": 7.9, "method": "pink", "scale": null, "hq": [105.835886, 21.00583]}, "geometry": {"type": "Polygon", "coordinates": [[[105.826801, 21.013733], [105.826456, 21.013212], [105.826412, 21.013072], [105.826196, 21.012751], [105.826045, 21.01243], [105.825894, 21.01223], [105.825288, 21.011147], [105.825137, 21.010946], [105.824985, 21.010625], [105.824834, 21.010445], [105.824704, 21.010144], [105.824532, 21.009923], [105.823861, 21.0087], [105.82371, 21.0085], [105.823341, 21.007657], [105.823039, 21.007115], [105.823038, 21.007035], [105.822497, 21.005931], [105.822475, 21.005811], [105.822302, 21.00549], [105.822151, 21.00531], [105.821696, 21.004447], [105.821481, 21.004227], [105.820363, 21.003468], [105.820212, 21.003328], [105.820169, 21.003248], [105.820211, 21.003046], [105.820318, 21.002986], [105.830626, 21.000402], [105.84119, 20.997695], [105.841404, 20.997734], [105.84149, 20.997855], [105.841495, 20.998619], [105.841565, 20.999725], [105.841547, 21.000368], [105.841591, 21.000549], [105.841575, 21.001555], [105.841622, 21.002238], [105.841631, 21.003907], [105.841675, 21.004068], [105.841684, 21.005677], [105.841729, 21.005998], [105.841734, 21.006843], [105.841777, 21.007024], [105.841782, 21.007828], [105.84174, 21.007909], [105.841569, 21.00799], [105.841312, 21.008011], [105.841119, 21.008073], [105.841076, 21.008053], [105.840499, 21.008237], [105.839901, 21.008541], [105.839496, 21.008825], [105.838218, 21.010118], [105.837134, 21.011632], [105.835473, 21.013349], [105.835431, 21.01345], [105.835239, 21.013592], [105.835218, 21.013652], [105.834409, 21.01446], [105.834238, 21.014522], [105.834023, 21.014422], [105.832645, 21.013142], [105.832602, 21.013062], [105.832601, 21.01282], [105.832084, 21.01238], [105.831633, 21.012061], [105.831331, 21.011781], [105.831138, 21.011681], [105.830945, 21.011722], [105.830262, 21.012108], [105.829877, 21.01227], [105.829707, 21.012392], [105.827101, 21.013732], [105.826952, 21.013773], [105.826801, 21.013733]]]}}, {"type": "Feature", "properties": {"slug": "lang", "name": "Phường Láng", "short": "Láng", "type": "phuong", "area_km2": 1.93, "source": "Số hoá từ Bản đồ phương án thành lập đơn vị hành chính (Sở Nội vụ TP Hà Nội), VN-2000 → WGS84", "fit_rms_m": 2.7, "method": "pink", "scale": null, "hq": [105.808379, 21.015058]}, "geometry": {"type": "Polygon", "coordinates": [[[105.801359, 21.030295], [105.801227, 21.030188], [105.801194, 21.030112], [105.801013, 21.029929], [105.80098, 21.029852], [105.800833, 21.02973], [105.800799, 21.029653], [105.800635, 21.029501], [105.800602, 21.029424], [105.800421, 21.029287], [105.800388, 21.02921], [105.800224, 21.029088], [105.800191, 21.028996], [105.799829, 21.028645], [105.799796, 21.028553], [105.799616, 21.028416], [105.799566, 21.028308], [105.799385, 21.028156], [105.799007, 21.027697], [105.798432, 21.027116], [105.798349, 21.026994], [105.798349, 21.026948], [105.798251, 21.026856], [105.798201, 21.026718], [105.798102, 21.026581], [105.798085, 21.026458], [105.798003, 21.026351], [105.797969, 21.026182], [105.797854, 21.026045], [105.797853, 21.025891], [105.797771, 21.025784], [105.79777, 21.025615], [105.797671, 21.025524], [105.797638, 21.025462], [105.797637, 21.025324], [105.797555, 21.025217], [105.79757, 21.025002], [105.797504, 21.02488], [105.797519, 21.024527], [105.797567, 21.02445], [105.797567, 21.024327], [105.797664, 21.024188], [105.797664, 21.024096], [105.797891, 21.023742], [105.797956, 21.023727], [105.798135, 21.023541], [105.798346, 21.023372], [105.798428, 21.023341], [105.798607, 21.023156], [105.798672, 21.02314], [105.79903, 21.022816], [105.799161, 21.022754], [105.799323, 21.0226], [105.799405, 21.022569], [105.799567, 21.022384], [105.799844, 21.022167], [105.800072, 21.021936], [105.80012, 21.021813], [105.80025, 21.02169], [105.800282, 21.021582], [105.800412, 21.021428], [105.800461, 21.02132], [105.800575, 21.021212], [105.800607, 21.021105], [105.800737, 21.020966], [105.800785, 21.020828], [105.800915, 21.020704], [105.800947, 21.020597], [105.801061, 21.020489], [105.801093, 21.020366], [105.801223, 21.020227], [105.801223, 21.020165], [105.801369, 21.019965], [105.801369, 21.019904], [105.801449, 21.01975], [105.801515, 21.019688], [105.801579, 21.019519], [105.80166, 21.019442], [105.801757, 21.019211], [105.801757, 21.019104], [105.801789, 21.019042], [105.801935, 21.018919], [105.802016, 21.018719], [105.802081, 21.018657], [105.802129, 21.018503], [105.802259, 21.018273], [105.80234, 21.018196], [105.802388, 21.018042], [105.802502, 21.017918], [105.802502, 21.017842], [105.802696, 21.017488], [105.802794, 21.017395], [105.802826, 21.017257], [105.80294, 21.017149], [105.803004, 21.01701], [105.803134, 21.016872], [105.803183, 21.016764], [105.803313, 21.016641], [105.803426, 21.016456], [105.803686, 21.016163], [105.803718, 21.016071], [105.804076, 21.015716], [105.804108, 21.015608], [105.804369, 21.015392], [105.80445, 21.015361], [105.804548, 21.015238], [105.804662, 21.015161], [105.805589, 21.014281], [105.805719, 21.014127], [105.80593, 21.013973], [105.805995, 21.013865], [105.806077, 21.013834], [105.806256, 21.013649], [105.806321, 21.013633], [105.806435, 21.013495], [105.806532, 21.013448], [105.806939, 21.013093], [105.807021, 21.013062], [105.807248, 21.012831], [105.807493, 21.012676], [105.807639, 21.012522], [105.80772, 21.012491], [105.807851, 21.012367], [105.807981, 21.012321], [105.808095, 21.012213], [105.808209, 21.012166], [105.808323, 21.012058], [105.808486, 21.011981], [105.808861, 21.011703], [105.808991, 21.011641], [105.809105, 21.011533], [105.809235, 21.011486], [105.809382, 21.011347], [105.809512, 21.0113], [105.80961, 21.011193], [105.80974, 21.011146], [105.80987, 21.011022], [105.809984, 21.010976], [105.810115, 21.010852], [105.810261, 21.01079], [105.810538, 21.010574], [105.810701, 21.010527], [105.810816, 21.010557], [105.81098, 21.01071], [105.811063, 21.010909], [105.811145, 21.010986], [105.81136, 21.011338], [105.811557, 21.011582], [105.81159, 21.011674], [105.811755, 21.011858], [105.812085, 21.012393], [105.812331, 21.012699], [105.812381, 21.012822], [105.812677, 21.013204], [105.81276, 21.013372], [105.812842, 21.013449], [105.812925, 21.013617], [105.813023, 21.013709], [105.813271, 21.014107], [105.813452, 21.014321], [105.813534, 21.014489], [105.813682, 21.014657], [105.813732, 21.01478], [105.813847, 21.014902], [105.81421, 21.015468], [105.814358, 21.015621], [105.814391, 21.015728], [105.814523, 21.015881], [105.814622, 21.016065], [105.814704, 21.016141], [105.814951, 21.016539], [105.814952, 21.016647], [105.814887, 21.016739], [105.81474, 21.016786], [105.814626, 21.016863], [105.814088, 21.017096], [105.814039, 21.017142], [105.813909, 21.017174], [105.813762, 21.017266], [105.813305, 21.017453], [105.812816, 21.017716], [105.812686, 21.017747], [105.81249, 21.017871], [105.812001, 21.018073], [105.811936, 21.018135], [105.811577, 21.018305], [105.811186, 21.018461], [105.811039, 21.018584], [105.810794, 21.018647], [105.810713, 21.018708], [105.810028, 21.018988], [105.809963, 21.01905], [105.80949, 21.019236], [105.809425, 21.019298], [105.809229, 21.01936], [105.80918, 21.019406], [105.808381, 21.019763], [105.8083, 21.01984], [105.8083, 21.019917], [105.808481, 21.020162], [105.808679, 21.020575], [105.808795, 21.020728], [105.809356, 21.021723], [105.809933, 21.022657], [105.810098, 21.022994], [105.810626, 21.023851], [105.810659, 21.023958], [105.810758, 21.02408], [105.811088, 21.024693], [105.811336, 21.025045], [105.811336, 21.025167], [105.810573, 21.026153], [105.809599, 21.027294], [105.808963, 21.027757], [105.808229, 21.028037], [105.807397, 21.028241], [105.80405, 21.029162], [105.802843, 21.02969], [105.801881, 21.030201], [105.801718, 21.030232], [105.80149, 21.030325], [105.801359, 21.030295]]]}}, {"type": "Feature", "properties": {"slug": "linh-nam", "name": "Phường Lĩnh Nam", "short": "Lĩnh Nam", "type": "phuong", "area_km2": 11.13, "source": "Số hoá từ Bản đồ phương án thành lập đơn vị hành chính (Sở Nội vụ TP Hà Nội), VN-2000 → WGS84", "fit_rms_m": 1.1, "method": "pink", "scale": null, "hq": [105.890378, 20.979753]}, "geometry": {"type": "Polygon", "coordinates": [[[105.877846, 21.006454], [105.877594, 21.006388], [105.874566, 21.00334], [105.874132, 21.002737], [105.874202, 21.0024], [105.874667, 21.002196], [105.87481, 21.002228], [105.875132, 21.002126], [105.875204, 21.002159], [105.875634, 21.002056], [105.875885, 21.002088], [105.876207, 21.001986], [105.876422, 21.002018], [105.876708, 21.001949], [105.877316, 21.001643], [105.877602, 21.001575], [105.878352, 21.001099], [105.879282, 21.000691], [105.880178, 21.000821], [105.880286, 21.000787], [105.880465, 21.000853], [105.88086, 21.000851], [105.881219, 21.000984], [105.882188, 21.001181], [105.885158, 21.000391], [105.886941, 20.998867], [105.887156, 20.998832], [105.888228, 20.998255], [105.889015, 20.997947], [105.889336, 20.997744], [105.889622, 20.997675], [105.889944, 20.997471], [105.89023, 20.997403], [105.890551, 20.997199], [105.891338, 20.996892], [105.891767, 20.996654], [105.892016, 20.996417], [105.892263, 20.995776], [105.89225, 20.993555], [105.892213, 20.993319], [105.891996, 20.992984], [105.891992, 20.992345], [105.892204, 20.991872], [105.892454, 20.991602], [105.892595, 20.991298], [105.892809, 20.991095], [105.89295, 20.990758], [105.893164, 20.990554], [105.893448, 20.990082], [105.893765, 20.989037], [105.894083, 20.988295], [105.894082, 20.988093], [105.894294, 20.987721], [105.894364, 20.987351], [105.894788, 20.986372], [105.894751, 20.986137], [105.890278, 20.981212], [105.887173, 20.977492], [105.885084, 20.975652], [105.883033, 20.974316], [105.882099, 20.973783], [105.880657, 20.972444], [105.87979, 20.971169], [105.879572, 20.970733], [105.879247, 20.970364], [105.878344, 20.969056], [105.877261, 20.967715], [105.876252, 20.966778], [105.87618, 20.966644], [105.876178, 20.966375], [105.876425, 20.965599], [105.876494, 20.965161], [105.876278, 20.964994], [105.875524, 20.964762], [105.875127, 20.964327], [105.874763, 20.963386], [105.874683, 20.961872], [105.874464, 20.961267], [105.873204, 20.960197], [105.87277, 20.959526], [105.872515, 20.958786], [105.872335, 20.958619], [105.872262, 20.958417], [105.871901, 20.958015], [105.871829, 20.957847], [105.871576, 20.957613], [105.871504, 20.957412], [105.871251, 20.957144], [105.87107, 20.956808], [105.871069, 20.956572], [105.87114, 20.956437], [105.871639, 20.956132], [105.871924, 20.955827], [105.872139, 20.955793], [105.87246, 20.955522], [105.872782, 20.955419], [105.873138, 20.955081], [105.873353, 20.955012], [105.873638, 20.954708], [105.873781, 20.954674], [105.874102, 20.954369], [105.874459, 20.954266], [105.875209, 20.95369], [105.87553, 20.953587], [105.875994, 20.953248], [105.876279, 20.95291], [105.876601, 20.952841], [105.876922, 20.952503], [105.877208, 20.952434], [105.877529, 20.952164], [105.877743, 20.952095], [105.878028, 20.951824], [105.878243, 20.951756], [105.878528, 20.951452], [105.878885, 20.951315], [105.879135, 20.951044], [105.879349, 20.950976], [105.880133, 20.950198], [105.880312, 20.950163], [105.880632, 20.949791], [105.880775, 20.949757], [105.881096, 20.949419], [105.88131, 20.94935], [105.88163, 20.948945], [105.881845, 20.948876], [105.88213, 20.948538], [105.882344, 20.94847], [105.8827, 20.948098], [105.882844, 20.948063], [105.883235, 20.947657], [105.883378, 20.947623], [105.883735, 20.947285], [105.883985, 20.947216], [105.884306, 20.946878], [105.88452, 20.946809], [105.884698, 20.946573], [105.884948, 20.946437], [105.885375, 20.945997], [105.885554, 20.945962], [105.885804, 20.945726], [105.886054, 20.945657], [105.886305, 20.945723], [105.886449, 20.945857], [105.886631, 20.946226], [105.886811, 20.946393], [105.886884, 20.946629], [105.887136, 20.946863], [105.887245, 20.947165], [105.887498, 20.9474], [105.887607, 20.947702], [105.887823, 20.947903], [105.888005, 20.948306], [105.888546, 20.94901], [105.888764, 20.949446], [105.88898, 20.949647], [105.889053, 20.949916], [105.889233, 20.950083], [105.889415, 20.950453], [105.889703, 20.950754], [105.889776, 20.950922], [105.8901, 20.951156], [105.890173, 20.951391], [105.890497, 20.951692], [105.89057, 20.951928], [105.890894, 20.952195], [105.890967, 20.952397], [105.891327, 20.952698], [105.891472, 20.952966], [105.89176, 20.953234], [105.892266, 20.953938], [105.893023, 20.954742], [105.893096, 20.954944], [105.893456, 20.955245], [105.893529, 20.955413], [105.893853, 20.955714], [105.893926, 20.955915], [105.89425, 20.956183], [105.894359, 20.956418], [105.895152, 20.957289], [105.895225, 20.957457], [105.895477, 20.957658], [105.895658, 20.957993], [105.896308, 20.958697], [105.896452, 20.958965], [105.896776, 20.959199], [105.89685, 20.959468], [105.89721, 20.959803], [105.897283, 20.959971], [105.897571, 20.960238], [105.897644, 20.96044], [105.898401, 20.961244], [105.898835, 20.961915], [105.899195, 20.962216], [105.899304, 20.962484], [105.899593, 20.962786], [105.900063, 20.963591], [105.900351, 20.963825], [105.900497, 20.964195], [105.900749, 20.964429], [105.901148, 20.965134], [105.901472, 20.965401], [105.901617, 20.965771], [105.901906, 20.966038], [105.901979, 20.966307], [105.902123, 20.966441], [105.902269, 20.966811], [105.902449, 20.966978], [105.902631, 20.967415], [105.902811, 20.967582], [105.902884, 20.967885], [105.903137, 20.968186], [105.90321, 20.968489], [105.9035, 20.968925], [105.903501, 20.969059], [105.90379, 20.969462], [105.903791, 20.96963], [105.904115, 20.969998], [105.904189, 20.970335], [105.904696, 20.971241], [105.904697, 20.971342], [105.904841, 20.971509], [105.905059, 20.972013], [105.905276, 20.972281], [105.905314, 20.972584], [105.905494, 20.972852], [105.905532, 20.973189], [105.905749, 20.973558], [105.905751, 20.973793], [105.905895, 20.973994], [105.905969, 20.974398], [105.906114, 20.974599], [105.906188, 20.974969], [105.906333, 20.97517], [105.90637, 20.975473], [105.906588, 20.975909], [105.906626, 20.976212], [105.90677, 20.976413], [105.906844, 20.976817], [105.907025, 20.977051], [105.907063, 20.977421], [105.907207, 20.977623], [105.907282, 20.978026], [105.907462, 20.978261], [105.9075, 20.978631], [105.907681, 20.978865], [105.907682, 20.979101], [105.907864, 20.979504], [105.907902, 20.97984], [105.908082, 20.980075], [105.908084, 20.980378], [105.908448, 20.981217], [105.908476, 20.985862], [105.908334, 20.986065], [105.908157, 20.986571], [105.908015, 20.986706], [105.907768, 20.987381], [105.907059, 20.98863], [105.906703, 20.989036], [105.906632, 20.989204], [105.906276, 20.989509], [105.906205, 20.989678], [105.905849, 20.990016], [105.905707, 20.990286], [105.905422, 20.990523], [105.905316, 20.99076], [105.904531, 20.991504], [105.904461, 20.991673], [105.904175, 20.991809], [105.903855, 20.992181], [105.903711, 20.992215], [105.903391, 20.992587], [105.903284, 20.992622], [105.902036, 20.993773], [105.90193, 20.993941], [105.901715, 20.99401], [105.901501, 20.994213], [105.901215, 20.994349], [105.900931, 20.994687], [105.900644, 20.994756], [105.900288, 20.995128], [105.899609, 20.995468], [105.89936, 20.995705], [105.899074, 20.995841], [105.898361, 20.996451], [105.898003, 20.996588], [105.897718, 20.996892], [105.897432, 20.996961], [105.897182, 20.997198], [105.896932, 20.9973], [105.896718, 20.997537], [105.896253, 20.997674], [105.895968, 20.997945], [105.895646, 20.998014], [105.895503, 20.998149], [105.895074, 20.998353], [105.894825, 20.99859], [105.894575, 20.998659], [105.894254, 20.99893], [105.894075, 20.998998], [105.893825, 20.999269], [105.892824, 20.999577], [105.892467, 20.999848], [105.892145, 20.999917], [105.891966, 21.000053], [105.891465, 21.00019], [105.891323, 21.000325], [105.890929, 21.000428], [105.890608, 21.000666], [105.890322, 21.000734], [105.890143, 21.000904], [105.889678, 21.001007], [105.889428, 21.00121], [105.88907, 21.001279], [105.888785, 21.001483], [105.888355, 21.001586], [105.888177, 21.001755], [105.887247, 21.002029], [105.887068, 21.002165], [105.886532, 21.002336], [105.886353, 21.002505], [105.885995, 21.002574], [105.88571, 21.002778], [105.884887, 21.003051], [105.884494, 21.003323], [105.884172, 21.003392], [105.883851, 21.003595], [105.882957, 21.003903], [105.882671, 21.00414], [105.882313, 21.004209], [105.882028, 21.004413], [105.881705, 21.004482], [105.881563, 21.004617], [105.881098, 21.004788], [105.88092, 21.004957], [105.880633, 21.005026], [105.880348, 21.005229], [105.879919, 21.0054], [105.879705, 21.005603], [105.879311, 21.005706], [105.879133, 21.005875], [105.878811, 21.005978], [105.87849, 21.006249], [105.877846, 21.006454]]]}}, {"type": "Feature", "properties": {"slug": "long-bien", "name": "Phường Long Biên", "short": "Long Biên", "type": "phuong", "area_km2": 19.74, "source": "Số hoá từ Bản đồ phương án thành lập đơn vị hành chính (Sở Nội vụ TP Hà Nội), VN-2000 → WGS84", "fit_rms_m": 0.7, "method": "pink", "scale": null, "hq": [105.906404, 21.023238]}, "geometry": {"type": "Polygon", "coordinates": [[[105.890531, 21.051991], [105.890211, 21.051907], [105.890027, 21.051651], [105.889887, 21.05118], [105.888083, 21.047331], [105.886191, 21.043954], [105.885958, 21.043269], [105.885821, 21.043141], [105.884989, 21.04156], [105.884202, 21.03972], [105.88314, 21.037711], [105.882907, 21.036983], [105.881104, 21.033134], [105.879679, 21.031512], [105.879082, 21.030958], [105.878669, 21.030703], [105.877522, 21.02968], [105.8761, 21.028573], [105.870133, 21.023287], [105.869076, 21.022178], [105.868665, 21.022094], [105.868068, 21.02154], [105.867794, 21.021413], [105.867471, 21.020943], [105.867422, 21.020343], [105.867694, 21.019956], [105.867692, 21.01957], [105.8681, 21.019053], [105.868232, 21.018281], [105.868776, 21.017635], [105.868775, 21.017421], [105.869137, 21.016905], [105.869226, 21.016475], [105.869498, 21.016174], [105.869497, 21.01596], [105.869859, 21.0154], [105.869858, 21.015186], [105.87022, 21.014627], [105.870309, 21.014241], [105.871079, 21.013251], [105.871214, 21.012864], [105.871532, 21.012562], [105.871621, 21.012262], [105.872438, 21.011272], [105.872572, 21.010885], [105.873662, 21.009893], [105.873798, 21.009678], [105.874071, 21.009548], [105.874525, 21.009074], [105.874662, 21.009031], [105.875206, 21.008471], [105.875934, 21.00791], [105.876342, 21.007436], [105.876615, 21.007306], [105.876841, 21.007005], [105.877613, 21.006315], [105.877978, 21.006184], [105.878296, 21.005925], [105.878752, 21.005794], [105.879024, 21.005536], [105.879435, 21.005448], [105.879753, 21.005189], [105.880117, 21.005101], [105.880982, 21.004668], [105.8813, 21.004409], [105.881984, 21.004149], [105.882302, 21.00389], [105.883168, 21.003628], [105.883531, 21.003369], [105.884033, 21.003238], [105.884351, 21.003022], [105.884898, 21.00289], [105.885171, 21.002674], [105.885581, 21.002587], [105.886127, 21.002241], [105.886537, 21.002153], [105.887539, 21.001633], [105.888131, 21.001459], [105.888313, 21.001286], [105.889452, 21.000894], [105.889906, 21.000592], [105.890317, 21.000504], [105.890635, 21.000288], [105.891273, 21.00007], [105.891409, 20.999941], [105.891819, 20.999853], [105.892092, 20.999637], [105.892685, 20.999463], [105.892912, 20.99929], [105.893322, 20.999159], [105.89364, 20.998857], [105.89405, 20.998727], [105.894368, 20.998425], [105.894869, 20.998251], [105.895186, 20.997906], [105.89546, 20.997862], [105.895823, 20.99756], [105.896279, 20.997429], [105.896688, 20.997084], [105.897007, 20.996996], [105.897461, 20.996608], [105.897689, 20.996564], [105.898098, 20.996176], [105.898462, 20.996088], [105.898825, 20.995701], [105.899099, 20.995613], [105.899507, 20.995225], [105.900189, 20.99475], [105.900462, 20.994663], [105.900871, 20.994232], [105.901144, 20.994145], [105.901507, 20.993757], [105.901826, 20.99367], [105.902146, 20.993754], [105.91258, 21.005402], [105.912763, 21.005573], [105.913312, 21.005698], [105.913542, 21.005997], [105.913545, 21.006469], [105.916487, 21.009711], [105.917408, 21.011121], [105.91819, 21.01206], [105.91856, 21.012744], [105.919204, 21.013555], [105.920541, 21.015648], [105.9227, 21.017737], [105.927976, 21.021867], [105.928117, 21.022466], [105.928439, 21.022893], [105.928806, 21.023149], [105.929036, 21.023447], [105.929132, 21.024261], [105.929363, 21.024646], [105.929364, 21.024903], [105.929092, 21.025205], [105.9239, 21.027291], [105.919115, 21.028817], [105.918476, 21.028949], [105.913098, 21.030607], [105.911141, 21.031561], [105.910959, 21.031734], [105.91096, 21.031862], [105.910734, 21.032206], [105.910324, 21.032337], [105.910049, 21.032253], [105.909638, 21.032298], [105.899441, 21.037411], [105.898941, 21.037842], [105.898355, 21.039132], [105.898356, 21.039346], [105.89804, 21.039991], [105.897682, 21.04115], [105.896282, 21.04373], [105.894561, 21.046182], [105.891712, 21.05087], [105.890987, 21.051817], [105.890531, 21.051991]]]}}, {"type": "Feature", "properties": {"slug": "nghia-do", "name": "Phường Nghĩa Đô", "short": "Nghĩa Đô", "type": "phuong", "area_km2": 4.45, "source": "Số hoá từ Bản đồ phương án thành lập đơn vị hành chính (Sở Nội vụ TP Hà Nội), VN-2000 → WGS84", "fit_rms_m": 0.5, "method": "pink", "scale": null, "hq": [105.794444, 21.041354]}, "geometry": {"type": "Polygon", "coordinates": [[[105.782147, 21.055826], [105.782061, 21.055707], [105.781887, 21.054833], [105.781534, 21.052109], [105.781166, 21.04654], [105.7811, 21.046083], [105.780938, 21.043517], [105.780895, 21.043338], [105.780824, 21.042045], [105.780866, 21.041966], [105.781057, 21.041885], [105.78112, 21.041905], [105.781501, 21.041843], [105.782137, 21.04186], [105.782391, 21.041799], [105.783027, 21.041816], [105.783217, 21.041756], [105.784023, 21.041772], [105.784256, 21.041711], [105.784616, 21.041729], [105.784722, 21.041689], [105.784828, 21.041728], [105.785039, 21.041668], [105.785209, 21.041707], [105.7854, 21.041646], [105.785633, 21.041685], [105.786014, 21.041623], [105.786735, 21.04164], [105.78684, 21.0416], [105.787328, 21.041598], [105.787604, 21.041636], [105.78773, 21.041596], [105.788006, 21.041634], [105.788133, 21.041594], [105.788239, 21.041633], [105.78843, 21.041632], [105.788536, 21.041592], [105.788642, 21.041631], [105.78949, 21.041627], [105.789595, 21.041587], [105.790104, 21.041624], [105.790252, 21.041584], [105.790378, 21.041424], [105.790375, 21.040668], [105.790415, 21.04033], [105.790478, 21.04021], [105.791787, 21.039269], [105.792082, 21.039009], [105.792336, 21.038869], [105.792694, 21.038568], [105.79299, 21.038388], [105.79318, 21.038208], [105.793623, 21.037928], [105.794109, 21.037527], [105.79432, 21.037447], [105.794554, 21.037505], [105.794766, 21.037683], [105.794831, 21.037802], [105.794853, 21.038081], [105.794834, 21.038479], [105.794792, 21.038559], [105.794816, 21.039076], [105.794901, 21.039155], [105.795538, 21.039251], [105.795601, 21.039231], [105.796002, 21.038871], [105.79615, 21.038831], [105.796383, 21.03883], [105.796701, 21.038908], [105.796977, 21.038907], [105.797422, 21.038984], [105.797528, 21.038964], [105.797612, 21.038884], [105.797633, 21.038705], [105.797627, 21.03759], [105.797667, 21.037192], [105.797642, 21.036516], [105.797684, 21.036456], [105.797353, 21.033891], [105.797395, 21.033812], [105.797838, 21.033431], [105.797859, 21.033372], [105.799587, 21.031692], [105.800579, 21.030852], [105.800938, 21.030612], [105.801127, 21.030432], [105.801276, 21.030391], [105.801594, 21.030529], [105.802297, 21.031282], [105.802383, 21.031421], [105.802638, 21.031638], [105.802681, 21.031738], [105.802873, 21.031916], [105.802959, 21.032074], [105.803214, 21.032292], [105.803257, 21.032391], [105.803363, 21.03249], [105.803556, 21.032887], [105.803705, 21.033026], [105.803962, 21.033442], [105.80409, 21.033561], [105.804474, 21.034196], [105.804859, 21.034692], [105.804902, 21.034831], [105.805093, 21.035009], [105.805136, 21.035128], [105.805584, 21.035683], [105.805627, 21.035802], [105.805819, 21.03596], [105.805862, 21.036119], [105.806054, 21.036337], [105.806055, 21.036516], [105.806269, 21.036953], [105.806357, 21.037529], [105.806421, 21.037648], [105.806422, 21.037847], [105.806465, 21.037927], [105.806513, 21.038941], [105.806471, 21.039001], [105.806472, 21.03922], [105.806389, 21.039499], [105.80639, 21.039698], [105.806327, 21.039797], [105.806328, 21.039996], [105.806413, 21.040076], [105.806689, 21.040174], [105.806732, 21.040253], [105.806733, 21.040392], [105.806275, 21.041887], [105.806152, 21.042643], [105.806137, 21.043857], [105.806184, 21.044652], [105.806122, 21.044991], [105.806083, 21.045648], [105.806041, 21.045708], [105.806021, 21.046006], [105.805937, 21.046146], [105.805438, 21.047799], [105.805333, 21.048019], [105.805063, 21.049015], [105.805, 21.049114], [105.804938, 21.049473], [105.804771, 21.049951], [105.804651, 21.051225], [105.804609, 21.051325], [105.804569, 21.051802], [105.804527, 21.051882], [105.804337, 21.051963], [105.801942, 21.051974], [105.801836, 21.051935], [105.801518, 21.051976], [105.801285, 21.051937], [105.801179, 21.051977], [105.797025, 21.052017], [105.796665, 21.051959], [105.795287, 21.051985], [105.794969, 21.051947], [105.794779, 21.051988], [105.794376, 21.05193], [105.79321, 21.051955], [105.793019, 21.051896], [105.791451, 21.051924], [105.791069, 21.051866], [105.790667, 21.051868], [105.790561, 21.051908], [105.790455, 21.051869], [105.790264, 21.051869], [105.790095, 21.05191], [105.79001, 21.05199], [105.790055, 21.052427], [105.790013, 21.052487], [105.790044, 21.054417], [105.790003, 21.054576], [105.790035, 21.056566], [105.790014, 21.056725], [105.78993, 21.056845], [105.789655, 21.056925], [105.789379, 21.056887], [105.788701, 21.05689], [105.788595, 21.056851], [105.788362, 21.056872], [105.788086, 21.056813], [105.787959, 21.056834], [105.787768, 21.056775], [105.787132, 21.056738], [105.786517, 21.056622], [105.785881, 21.056585], [105.785159, 21.056429], [105.785096, 21.056449], [105.784905, 21.05639], [105.784735, 21.056391], [105.784459, 21.056293], [105.78395, 21.056216], [105.782422, 21.055845], [105.782295, 21.055865], [105.782147, 21.055826]]]}}, {"type": "Feature", "properties": {"slug": "ngoc-ha", "name": "Phường Ngọc Hà", "short": "Ngọc Hà", "type": "phuong", "area_km2": 2.64, "source": "Số hoá từ Bản đồ phương án thành lập đơn vị hành chính (Sở Nội vụ TP Hà Nội), VN-2000 → WGS84", "fit_rms_m": 10.5, "method": "pink", "scale": null, "hq": [105.814598, 21.034115]}, "geometry": {"type": "Polygon", "coordinates": [[[105.80527, 21.047667], [105.805228, 21.047589], [105.805268, 21.047294], [105.805515, 21.046506], [105.805619, 21.046348], [105.805743, 21.045994], [105.805741, 21.045719], [105.805904, 21.044755], [105.805891, 21.042455], [105.805993, 21.041905], [105.806425, 21.040389], [105.806424, 21.040271], [105.806256, 21.040154], [105.806129, 21.039997], [105.806128, 21.039742], [105.806211, 21.039624], [105.80621, 21.039427], [105.806272, 21.039328], [105.806332, 21.038679], [105.806285, 21.037893], [105.806243, 21.037795], [105.806199, 21.037344], [105.806135, 21.037206], [105.806134, 21.037029], [105.806259, 21.036872], [105.806572, 21.036752], [105.806844, 21.036712], [105.80745, 21.036355], [105.807742, 21.036255], [105.808244, 21.036155], [105.808432, 21.035977], [105.808535, 21.035681], [105.808618, 21.035563], [105.809349, 21.035245], [105.809537, 21.035205], [105.810163, 21.034887], [105.810435, 21.034827], [105.810602, 21.034748], [105.810937, 21.034687], [105.811041, 21.034628], [105.81378, 21.033887], [105.813884, 21.033789], [105.813883, 21.03369], [105.813714, 21.033278], [105.813713, 21.03318], [105.813629, 21.033043], [105.8135, 21.032552], [105.813395, 21.032376], [105.81333, 21.032042], [105.813224, 21.031866], [105.813139, 21.031591], [105.813138, 21.031414], [105.813221, 21.031296], [105.813514, 21.031196], [105.81364, 21.031195], [105.814789, 21.030895], [105.814915, 21.030894], [105.815124, 21.030815], [105.815689, 21.030714], [105.815981, 21.030614], [105.816023, 21.030634], [105.816211, 21.030574], [105.8164, 21.030592], [105.816504, 21.030553], [105.8173, 21.030529], [105.818075, 21.030702], [105.818201, 21.030682], [105.818389, 21.03074], [105.818473, 21.03072], [105.819081, 21.030855], [105.819688, 21.030911], [105.820568, 21.031083], [105.820631, 21.031063], [105.82082, 21.031121], [105.820924, 21.031101], [105.821113, 21.031159], [105.821218, 21.031139], [105.821406, 21.031197], [105.821469, 21.031177], [105.821847, 21.031274], [105.82193, 21.031254], [105.822308, 21.03135], [105.822349, 21.03133], [105.822769, 21.031427], [105.823083, 21.031445], [105.823439, 21.031541], [105.823984, 21.031598], [105.824571, 21.031732], [105.824696, 21.031712], [105.824885, 21.03177], [105.825052, 21.031769], [105.825535, 21.031885], [105.825597, 21.031865], [105.825995, 21.031961], [105.826037, 21.031941], [105.826226, 21.031999], [105.826268, 21.03198], [105.826813, 21.032095], [105.826897, 21.032153], [105.82696, 21.032291], [105.827005, 21.032821], [105.827047, 21.03288], [105.827049, 21.033135], [105.827113, 21.03343], [105.827074, 21.033902], [105.827099, 21.034609], [105.827246, 21.034707], [105.827434, 21.034706], [105.827706, 21.034646], [105.827853, 21.034684], [105.827937, 21.034802], [105.827919, 21.035293], [105.828305, 21.036923], [105.828264, 21.03712], [105.82816, 21.037179], [105.827804, 21.03724], [105.826737, 21.037324], [105.826591, 21.037423], [105.826592, 21.03754], [105.826827, 21.038463], [105.826995, 21.03862], [105.827122, 21.038815], [105.827335, 21.039443], [105.827336, 21.03964], [105.827253, 21.039739], [105.823471, 21.041211], [105.821779, 21.04179], [105.821256, 21.04189], [105.82113, 21.041871], [105.820942, 21.041931], [105.820795, 21.041912], [105.819833, 21.042133], [105.819121, 21.042117], [105.819017, 21.042157], [105.818598, 21.042178], [105.8182, 21.042161], [105.81795, 21.042221], [105.817573, 21.042203], [105.817092, 21.042304], [105.816966, 21.042285], [105.815962, 21.042506], [105.815314, 21.042725], [105.815042, 21.042746], [105.814479, 21.043063], [105.813999, 21.043419], [105.813874, 21.043459], [105.81329, 21.043914], [105.812207, 21.045079], [105.811312, 21.045909], [105.810811, 21.046225], [105.809871, 21.046623], [105.809704, 21.046742], [105.809537, 21.046782], [105.809244, 21.046941], [105.808325, 21.047318], [105.80774, 21.047419], [105.807593, 21.0474], [105.807488, 21.04744], [105.807258, 21.047441], [105.807049, 21.047501], [105.806923, 21.047482], [105.806651, 21.047542], [105.806442, 21.047524], [105.806212, 21.047584], [105.80617, 21.047564], [105.80548, 21.047745], [105.80527, 21.047667]]]}}, {"type": "Feature", "properties": {"slug": "o-cho-dua", "name": "Phường Ô Chợ Dừa", "short": "Ô Chợ Dừa", "type": "phuong", "area_km2": 1.87, "source": "Số hoá từ Bản đồ phương án thành lập đơn vị hành chính (Sở Nội vụ TP Hà Nội), VN-2000 → WGS84", "fit_rms_m": 1.3, "method": "pink", "scale": null, "hq": [105.824096, 21.018396]}, "geometry": {"type": "Polygon", "coordinates": [[[105.835879, 21.030578], [105.835586, 21.030671], [105.835211, 21.030734], [105.834739, 21.030905], [105.834348, 21.030983], [105.83386, 21.031154], [105.83316, 21.031326], [105.832997, 21.031403], [105.832834, 21.03142], [105.832118, 21.031653], [105.831743, 21.031731], [105.831483, 21.03184], [105.830783, 21.032011], [105.830294, 21.032182], [105.830213, 21.032183], [105.830034, 21.032245], [105.829903, 21.032215], [105.829804, 21.032016], [105.829786, 21.031634], [105.829753, 21.031557], [105.829605, 21.03142], [105.828999, 21.030979], [105.828901, 21.030872], [105.828606, 21.030675], [105.828443, 21.030522], [105.828361, 21.030492], [105.828181, 21.030325], [105.827411, 21.029762], [105.827247, 21.02961], [105.826969, 21.029458], [105.826478, 21.029078], [105.826412, 21.029063], [105.82579, 21.02853], [105.825725, 21.028515], [105.825528, 21.028332], [105.825184, 21.028089], [105.825069, 21.027967], [105.824955, 21.027906], [105.82484, 21.027784], [105.824758, 21.027754], [105.824005, 21.027145], [105.823825, 21.027039], [105.82371, 21.026917], [105.823628, 21.026887], [105.823464, 21.026704], [105.823366, 21.026674], [105.822793, 21.026171], [105.822629, 21.02608], [105.821777, 21.02538], [105.821696, 21.02535], [105.821466, 21.025167], [105.821171, 21.024847], [105.820876, 21.024603], [105.820745, 21.024436], [105.820122, 21.023888], [105.820089, 21.023796], [105.819696, 21.023461], [105.819646, 21.023339], [105.819269, 21.022835], [105.819219, 21.022713], [105.819121, 21.022622], [105.818562, 21.021782], [105.818431, 21.021645], [105.818364, 21.021492], [105.818266, 21.021401], [105.818217, 21.021279], [105.818102, 21.021172], [105.818052, 21.02105], [105.817937, 21.020928], [105.817707, 21.020546], [105.817625, 21.02047], [105.817362, 21.020058], [105.817247, 21.019936], [105.817214, 21.019844], [105.817083, 21.019707], [105.817017, 21.01957], [105.816935, 21.019494], [105.816836, 21.019326], [105.816738, 21.019234], [105.816688, 21.019112], [105.816541, 21.018944], [105.816491, 21.018837], [105.816261, 21.018578], [105.816195, 21.018441], [105.816031, 21.018258], [105.815998, 21.018166], [105.815867, 21.018044], [105.815801, 21.017891], [105.815506, 21.017541], [105.81544, 21.017403], [105.815177, 21.017083], [105.815128, 21.016976], [105.814964, 21.016824], [105.81493, 21.016671], [105.814979, 21.016579], [105.815141, 21.016455], [105.815206, 21.01644], [105.815336, 21.016317], [105.81545, 21.01627], [105.815677, 21.016085], [105.815954, 21.015931], [105.816083, 21.015808], [105.816213, 21.015746], [105.816327, 21.015623], [105.816457, 21.015576], [105.816571, 21.015469], [105.816944, 21.015237], [105.81709, 21.015099], [105.817156, 21.015083], [105.817318, 21.014945], [105.817448, 21.014883], [105.817578, 21.01476], [105.817692, 21.014713], [105.817805, 21.014605], [105.817935, 21.014544], [105.818585, 21.014051], [105.81865, 21.014035], [105.818747, 21.013958], [105.818878, 21.013927], [105.818992, 21.013957], [105.819943, 21.014947], [105.820041, 21.015054], [105.820075, 21.015192], [105.82014, 21.015283], [105.820304, 21.01542], [105.820337, 21.015497], [105.821075, 21.016289], [105.821255, 21.016365], [105.821451, 21.01641], [105.821565, 21.016394], [105.821712, 21.016439], [105.821859, 21.016423], [105.82212, 21.016468], [105.823082, 21.016448], [105.823278, 21.016493], [105.823458, 21.016569], [105.823523, 21.016629], [105.824543, 21.018309], [105.824741, 21.01869], [105.824741, 21.018752], [105.824856, 21.01892], [105.824857, 21.018996], [105.825203, 21.019591], [105.825285, 21.019821], [105.825648, 21.020508], [105.825648, 21.020554], [105.825746, 21.020661], [105.825795, 21.020676], [105.826039, 21.020567], [105.826381, 21.020351], [105.826543, 21.020289], [105.826673, 21.020181], [105.82682, 21.020135], [105.826917, 21.020042], [105.827372, 21.019826], [105.827437, 21.019764], [105.827649, 21.019671], [105.82773, 21.019594], [105.827876, 21.019548], [105.828039, 21.019425], [105.828592, 21.019146], [105.828689, 21.019054], [105.828835, 21.018992], [105.829063, 21.018823], [105.829631, 21.018299], [105.829744, 21.018268], [105.829859, 21.018298], [105.829908, 21.018344], [105.829974, 21.018542], [105.830073, 21.01868], [105.830073, 21.018741], [105.830238, 21.019], [105.830238, 21.019092], [105.830337, 21.01923], [105.830337, 21.019306], [105.830683, 21.019978], [105.8307, 21.02007], [105.830815, 21.020253], [105.830832, 21.020345], [105.830931, 21.020497], [105.83108, 21.020864], [105.831195, 21.021047], [105.83136, 21.02146], [105.831442, 21.021582], [105.831443, 21.021659], [105.831574, 21.021872], [105.831575, 21.021933], [105.831872, 21.022544], [105.831955, 21.022789], [105.832037, 21.022911], [105.832169, 21.023278], [105.832268, 21.02343], [105.832285, 21.023522], [105.832433, 21.023797], [105.832433, 21.023858], [105.832648, 21.024271], [105.832648, 21.024332], [105.832763, 21.024546], [105.832797, 21.024683], [105.832895, 21.024821], [105.832896, 21.024882], [105.832994, 21.025034], [105.833011, 21.025142], [105.833324, 21.025737], [105.833391, 21.025951], [105.833671, 21.02647], [105.833754, 21.02673], [105.833885, 21.026929], [105.833902, 21.027036], [105.834017, 21.027204], [105.834018, 21.02728], [105.834083, 21.027356], [105.834166, 21.027524], [105.834166, 21.027586], [105.834248, 21.027692], [105.834249, 21.027784], [105.834397, 21.027952], [105.834463, 21.028105], [105.834594, 21.028242], [105.834643, 21.028364], [105.834775, 21.028516], [105.835055, 21.02899], [105.835137, 21.029066], [105.83517, 21.029158], [105.835252, 21.029249], [105.8354, 21.029539], [105.835482, 21.029615], [105.835581, 21.029814], [105.835827, 21.030134], [105.835943, 21.030379], [105.835944, 21.030486], [105.835879, 21.030578]]]}}, {"type": "Feature", "properties": {"slug": "phu-dien", "name": "Phường Phú Diễn", "short": "Phú Diễn", "type": "phuong", "area_km2": 6.47, "source": "Số hoá từ Bản đồ phương án thành lập đơn vị hành chính (Sở Nội vụ TP Hà Nội), VN-2000 → WGS84", "fit_rms_m": 1.5, "method": "pink", "scale": null, "hq": [105.764465, 21.054513]}, "geometry": {"type": "Polygon", "coordinates": [[[105.745421, 21.05024], [105.74542, 21.050102], [105.745508, 21.049935], [105.746007, 21.049462], [105.746006, 21.049296], [105.745798, 21.04902], [105.745797, 21.04891], [105.745915, 21.048743], [105.745914, 21.048605], [105.74535, 21.047943], [105.74535, 21.047777], [105.745467, 21.04761], [105.751028, 21.045371], [105.753824, 21.044362], [105.754088, 21.044084], [105.754294, 21.044028], [105.754531, 21.044082], [105.761947, 21.041337], [105.766657, 21.039821], [105.766862, 21.039709], [105.769983, 21.038754], [105.770365, 21.038448], [105.770482, 21.038419], [105.770748, 21.038501], [105.771896, 21.038164], [105.775165, 21.037319], [105.776725, 21.036813], [105.777903, 21.036531], [105.778993, 21.036526], [105.779141, 21.03647], [105.779376, 21.036469], [105.779524, 21.036524], [105.780438, 21.036519], [105.780645, 21.036574], [105.780764, 21.036739], [105.780989, 21.040448], [105.781208, 21.042855], [105.781846, 21.052069], [105.782153, 21.054448], [105.782335, 21.055361], [105.782336, 21.055582], [105.782219, 21.055749], [105.782013, 21.055805], [105.781806, 21.055751], [105.781659, 21.055779], [105.780714, 21.05559], [105.780508, 21.055618], [105.779209, 21.055375], [105.779062, 21.055404], [105.778796, 21.055322], [105.77862, 21.05535], [105.778354, 21.055268], [105.778206, 21.055297], [105.777232, 21.055108], [105.777056, 21.055136], [105.775609, 21.054894], [105.775315, 21.054895], [105.774842, 21.054786], [105.774075, 21.054734], [105.773367, 21.054572], [105.773249, 21.0546], [105.77257, 21.054464], [105.772364, 21.054604], [105.772365, 21.054742], [105.772514, 21.054991], [105.772544, 21.055212], [105.772634, 21.05535], [105.772635, 21.055544], [105.772754, 21.055765], [105.772786, 21.056263], [105.772845, 21.056345], [105.772819, 21.056955], [105.772584, 21.057205], [105.772378, 21.057261], [105.771936, 21.057263], [105.771463, 21.057154], [105.771345, 21.057044], [105.771079, 21.056935], [105.770666, 21.056909], [105.769723, 21.057107], [105.769283, 21.057386], [105.769076, 21.057442], [105.768811, 21.057416], [105.768546, 21.057472], [105.768369, 21.057418], [105.768133, 21.057474], [105.76775, 21.057642], [105.767604, 21.057781], [105.767427, 21.057809], [105.766074, 21.058424], [105.765779, 21.058481], [105.76522, 21.058733], [105.765043, 21.058761], [105.764838, 21.058901], [105.764161, 21.059125], [105.764043, 21.059236], [105.763395, 21.059405], [105.763248, 21.059517], [105.762954, 21.059573], [105.762513, 21.059797], [105.762189, 21.059854], [105.761718, 21.06005], [105.76163, 21.060133], [105.761365, 21.06019], [105.761218, 21.060301], [105.760835, 21.060358], [105.760657, 21.060303], [105.760184, 21.059973], [105.7598, 21.059864], [105.7585, 21.059317], [105.757791, 21.059098], [105.756904, 21.058715], [105.752089, 21.056909], [105.75138, 21.056691], [105.750818, 21.056444], [105.748633, 21.055707], [105.748484, 21.055541], [105.748483, 21.05532], [105.748629, 21.055042], [105.748629, 21.054932], [105.74851, 21.054821], [105.747919, 21.054602], [105.747801, 21.054492], [105.747799, 21.054188], [105.748383, 21.052884], [105.748382, 21.052774], [105.748557, 21.052441], [105.748557, 21.052302], [105.747994, 21.051889], [105.747078, 21.051506], [105.746101, 21.050735], [105.745688, 21.050516], [105.745421, 21.05024]]]}}, {"type": "Feature", "properties": {"slug": "phu-luong", "name": "Phường Phú Lương", "short": "Phú Lương", "type": "phuong", "area_km2": 9.72, "source": "Số hoá từ Bản đồ phương án thành lập đơn vị hành chính (Sở Nội vụ TP Hà Nội), VN-2000 → WGS84", "fit_rms_m": 0, "method": "pink", "scale": null, "hq": [105.76427, 20.93974]}, "geometry": {"type": "Polygon", "coordinates": [[[105.745355, 20.945327], [105.745354, 20.945043], [105.746139, 20.942976], [105.746138, 20.942762], [105.746023, 20.942585], [105.746021, 20.942194], [105.746096, 20.94198], [105.746277, 20.9402], [105.746426, 20.939773], [105.746615, 20.939665], [105.74775, 20.939447], [105.748014, 20.939268], [105.747894, 20.937916], [105.748044, 20.937702], [105.74846, 20.937594], [105.748801, 20.937628], [105.749065, 20.937449], [105.749062, 20.936773], [105.749436, 20.935846], [105.749356, 20.934993], [105.749431, 20.93485], [105.749582, 20.934743], [105.749998, 20.934634], [105.750452, 20.934632], [105.750982, 20.934487], [105.751246, 20.934308], [105.75086, 20.932923], [105.750859, 20.932674], [105.750243, 20.930577], [105.750241, 20.930257], [105.750392, 20.930043], [105.751336, 20.929648], [105.751715, 20.929575], [105.75198, 20.929645], [105.752133, 20.929858], [105.75221, 20.930142], [105.752362, 20.930283], [105.752551, 20.930318], [105.753345, 20.929959], [105.753609, 20.929744], [105.753987, 20.929636], [105.754252, 20.929706], [105.754405, 20.92999], [105.754747, 20.930237], [105.755011, 20.930058], [105.755199, 20.929737], [105.755577, 20.929664], [105.756943, 20.930085], [105.757095, 20.930227], [105.757172, 20.930582], [105.756799, 20.93158], [105.7568, 20.931794], [105.756952, 20.931935], [105.757142, 20.93197], [105.757444, 20.931897], [105.75767, 20.931719], [105.757741, 20.930687], [105.757891, 20.930472], [105.758156, 20.9304], [105.758459, 20.93047], [105.758612, 20.930683], [105.759411, 20.931391], [105.759676, 20.931389], [105.761789, 20.929886], [105.761788, 20.929708], [105.760381, 20.928576], [105.760303, 20.92822], [105.760529, 20.927935], [105.764492, 20.925356], [105.764643, 20.925213], [105.76464, 20.92475], [105.764942, 20.924429], [105.766529, 20.923888], [105.766795, 20.923958], [105.767861, 20.925056], [105.768126, 20.925055], [105.76982, 20.923233], [105.769895, 20.922983], [105.77046, 20.922447], [105.770725, 20.922375], [105.771293, 20.922515], [105.772887, 20.923112], [105.773039, 20.923325], [105.773041, 20.923752], [105.773802, 20.924318], [105.774106, 20.924672], [105.774032, 20.925028], [105.772715, 20.926599], [105.772678, 20.926813], [105.776784, 20.929925], [105.777087, 20.929924], [105.777727, 20.929209], [105.778105, 20.929136], [105.778447, 20.929241], [105.77856, 20.929205], [105.778824, 20.92892], [105.779126, 20.928776], [105.779466, 20.928703], [105.780337, 20.928735], [105.780527, 20.928805], [105.780943, 20.928768], [105.781132, 20.928589], [105.781244, 20.928304], [105.781584, 20.92816], [105.781962, 20.928158], [105.782152, 20.928228], [105.783629, 20.928222], [105.783894, 20.928292], [105.784047, 20.928504], [105.783892, 20.935051], [105.784348, 20.935511], [105.785409, 20.935542], [105.78575, 20.935683], [105.785827, 20.935825], [105.785871, 20.937105], [105.786062, 20.937425], [105.786102, 20.937745], [105.786294, 20.938206], [105.786561, 20.938525], [105.786674, 20.93856], [105.787922, 20.938199], [105.788264, 20.938339], [105.788571, 20.939192], [105.788723, 20.939333], [105.788913, 20.939368], [105.78948, 20.939188], [105.789973, 20.939328], [105.790578, 20.939147], [105.790843, 20.939217], [105.791187, 20.939856], [105.791342, 20.940424], [105.791725, 20.941276], [105.791841, 20.941774], [105.791994, 20.942022], [105.791996, 20.942307], [105.791845, 20.942521], [105.790371, 20.94299], [105.790145, 20.943169], [105.789388, 20.94335], [105.786364, 20.944325], [105.785759, 20.944577], [105.785229, 20.944686], [105.783604, 20.945263], [105.774379, 20.948222], [105.773207, 20.948654], [105.771694, 20.949088], [105.77056, 20.94952], [105.769955, 20.949701], [105.769577, 20.949738], [105.769351, 20.949917], [105.768745, 20.949991], [105.767838, 20.95035], [105.767308, 20.95046], [105.766666, 20.950783], [105.766061, 20.950892], [105.765948, 20.950999], [105.765607, 20.951072], [105.765494, 20.951179], [105.764057, 20.951577], [105.760579, 20.952731], [105.759936, 20.952876], [105.759558, 20.953056], [105.757364, 20.953706], [105.754907, 20.954535], [105.754566, 20.954465], [105.754224, 20.954253], [105.753653, 20.953758], [105.750498, 20.951424], [105.750422, 20.951282], [105.75042, 20.951033], [105.75057, 20.950747], [105.750947, 20.950354], [105.751022, 20.95007], [105.749994, 20.949078], [105.749805, 20.949043], [105.749464, 20.949151], [105.749085, 20.949011], [105.748628, 20.948479], [105.748322, 20.947911], [105.748282, 20.947449], [105.747673, 20.946882], [105.747635, 20.946776], [105.746569, 20.945784], [105.746304, 20.945679], [105.745508, 20.94554], [105.745355, 20.945327]]]}}, {"type": "Feature", "properties": {"slug": "phu-thuong", "name": "Phường Phú Thượng", "short": "Phú Thượng", "type": "phuong", "area_km2": 7.37, "source": "Số hoá từ Bản đồ phương án thành lập đơn vị hành chính (Sở Nội vụ TP Hà Nội), VN-2000 → WGS84", "fit_rms_m": 5.2, "method": "pink", "scale": null, "hq": [105.807864, 21.087212]}, "geometry": {"type": "Polygon", "coordinates": [[[105.786296, 21.097823], [105.786137, 21.097587], [105.786036, 21.096493], [105.786065, 21.095901], [105.786001, 21.095812], [105.785997, 21.095073], [105.785934, 21.094984], [105.78593, 21.094186], [105.785866, 21.094097], [105.785862, 21.093298], [105.78573, 21.092175], [105.785592, 21.089897], [105.785622, 21.08969], [105.785903, 21.089127], [105.785964, 21.088801], [105.786183, 21.088415], [105.786337, 21.087734], [105.786957, 21.085808], [105.786957, 21.08566], [105.787081, 21.085423], [105.787081, 21.085245], [105.787298, 21.084682], [105.787359, 21.084209], [105.787453, 21.08406], [105.7877, 21.083231], [105.787761, 21.082757], [105.787854, 21.082549], [105.787853, 21.082313], [105.787947, 21.082135], [105.787946, 21.081928], [105.788132, 21.081306], [105.788127, 21.080359], [105.788063, 21.08027], [105.787996, 21.079561], [105.787804, 21.07894], [105.787834, 21.078585], [105.788022, 21.078407], [105.791671, 21.077058], [105.791985, 21.076879], [105.792458, 21.076759], [105.793559, 21.076339], [105.79378, 21.076368], [105.793906, 21.076456], [105.794193, 21.077076], [105.794351, 21.077223], [105.794446, 21.077252], [105.79646, 21.076503], [105.796648, 21.076384], [105.796931, 21.076324], [105.798284, 21.075785], [105.798472, 21.075606], [105.798312, 21.075075], [105.798185, 21.074868], [105.798183, 21.074661], [105.798309, 21.074483], [105.808406, 21.070648], [105.808815, 21.070528], [105.809068, 21.070586], [105.809163, 21.070674], [105.809482, 21.071353], [105.80961, 21.071826], [105.809738, 21.072003], [105.810569, 21.074158], [105.811524, 21.07587], [105.811588, 21.076106], [105.811906, 21.076608], [105.812034, 21.076932], [105.812351, 21.077375], [105.81337, 21.079175], [105.813846, 21.079764], [105.814578, 21.081062], [105.815118, 21.081859], [105.815214, 21.082124], [105.815564, 21.082626], [105.815882, 21.083245], [105.817854, 21.086372], [105.817982, 21.086756], [105.818173, 21.087021], [105.818173, 21.08714], [105.818364, 21.087405], [105.818397, 21.087582], [105.818938, 21.088586], [105.818939, 21.088704], [105.819129, 21.088999], [105.819162, 21.089176], [105.819863, 21.090534], [105.820629, 21.092276], [105.820979, 21.092925], [105.82098, 21.093132], [105.820918, 21.093251], [105.820667, 21.0934], [105.819282, 21.093821], [105.818149, 21.09424], [105.816765, 21.094691], [105.815977, 21.094872], [105.815221, 21.094876], [105.815064, 21.094936], [105.814402, 21.094939], [105.814244, 21.094999], [105.813425, 21.095003], [105.813267, 21.095063], [105.811723, 21.095129], [105.811566, 21.095189], [105.810904, 21.095192], [105.810746, 21.095252], [105.810053, 21.095256], [105.809895, 21.095315], [105.809265, 21.095318], [105.809108, 21.095378], [105.808351, 21.095382], [105.808194, 21.095442], [105.8075, 21.095445], [105.807343, 21.095505], [105.80687, 21.095537], [105.806586, 21.095509], [105.806429, 21.095569], [105.805861, 21.095571], [105.805704, 21.095631], [105.804884, 21.095635], [105.804727, 21.095695], [105.804223, 21.095727], [105.803939, 21.095699], [105.802963, 21.095911], [105.80271, 21.095882], [105.801609, 21.096154], [105.801356, 21.096125], [105.80016, 21.096397], [105.799655, 21.096429], [105.799372, 21.096519], [105.799246, 21.09649], [105.798364, 21.096701], [105.798175, 21.096673], [105.796978, 21.096945], [105.796821, 21.096916], [105.796222, 21.097067], [105.796096, 21.097038], [105.795624, 21.097188], [105.795466, 21.097159], [105.794679, 21.09731], [105.794333, 21.09743], [105.793797, 21.097463], [105.793482, 21.097553], [105.792915, 21.097526], [105.792631, 21.097616], [105.792032, 21.097589], [105.791812, 21.097649], [105.79137, 21.097592], [105.790677, 21.097714], [105.789668, 21.097659], [105.789385, 21.097749], [105.788597, 21.097723], [105.788313, 21.097814], [105.787809, 21.097786], [105.787588, 21.097847], [105.787241, 21.097789], [105.786926, 21.097879], [105.786517, 21.097881], [105.786296, 21.097823]]]}}, {"type": "Feature", "properties": {"slug": "phuc-loi", "name": "Phường Phúc Lợi", "short": "Phúc Lợi", "type": "phuong", "area_km2": 9.89, "source": "Số hoá từ Bản đồ phương án thành lập đơn vị hành chính (Sở Nội vụ TP Hà Nội), VN-2000 → WGS84", "fit_rms_m": 2.5, "method": "fill", "scale": null, "hq": [105.929306, 21.044895]}, "geometry": {"type": "Polygon", "coordinates": [[[105.894627, 21.045936], [105.894592, 21.045679], [105.894931, 21.045195], [105.894964, 21.045034], [105.895508, 21.044324], [105.895745, 21.043872], [105.896289, 21.043162], [105.896322, 21.043001], [105.897204, 21.041485], [105.897203, 21.041356], [105.897407, 21.041066], [105.89744, 21.040873], [105.897576, 21.040647], [105.897608, 21.040389], [105.897778, 21.040099], [105.89781, 21.03981], [105.897946, 21.039616], [105.897979, 21.039358], [105.89825, 21.038778], [105.898249, 21.03865], [105.898385, 21.038456], [105.898519, 21.038005], [105.898587, 21.037908], [105.898758, 21.037843], [105.898929, 21.037906], [105.899067, 21.038066], [105.899205, 21.038098], [105.899409, 21.038], [105.899921, 21.03758], [105.89992, 21.037419], [105.899576, 21.037163], [105.899609, 21.03697], [105.900599, 21.036515], [105.902955, 21.03528], [105.904185, 21.034727], [105.904424, 21.034565], [105.904663, 21.0345], [105.904799, 21.03437], [105.908317, 21.032615], [105.908556, 21.032549], [105.908863, 21.032355], [105.909034, 21.032322], [105.910024, 21.03177], [105.910264, 21.031865], [105.910435, 21.031832], [105.910606, 21.03167], [105.910639, 21.031477], [105.912961, 21.030339], [105.91532, 21.029587], [105.918157, 21.0288], [105.918533, 21.028637], [105.923387, 21.027131], [105.925199, 21.026479], [105.927453, 21.025502], [105.927898, 21.025403], [105.928068, 21.025273], [105.92899, 21.024882], [105.929231, 21.024945], [105.929508, 21.02549], [105.929509, 21.025651], [105.930169, 21.027095], [105.930171, 21.02748], [105.93055, 21.027929], [105.930864, 21.028699], [105.931106, 21.029083], [105.931107, 21.029244], [105.931349, 21.029661], [105.93135, 21.029789], [105.931557, 21.03011], [105.931558, 21.030238], [105.93232, 21.031649], [105.932425, 21.032002], [105.932668, 21.032419], [105.932636, 21.032901], [105.933015, 21.033156], [105.933293, 21.033895], [105.933847, 21.034792], [105.933848, 21.034921], [105.933986, 21.035048], [105.934298, 21.035658], [105.93523, 21.036907], [105.9353, 21.037131], [105.935472, 21.037291], [105.936511, 21.03899], [105.937097, 21.039597], [105.937098, 21.039823], [105.936147, 21.041146], [105.93581, 21.04192], [105.935064, 21.04321], [105.934659, 21.044241], [105.93419, 21.045852], [105.933325, 21.049908], [105.932555, 21.052839], [105.93185, 21.055158], [105.931647, 21.055577], [105.931648, 21.05577], [105.931245, 21.057058], [105.931246, 21.057219], [105.931042, 21.057349], [105.930836, 21.057318], [105.930149, 21.057], [105.930045, 21.056904], [105.927881, 21.055887], [105.924376, 21.054105], [105.924272, 21.053977], [105.924271, 21.053817], [105.925051, 21.05243], [105.92505, 21.052301], [105.924809, 21.052141], [105.924706, 21.052174], [105.924128, 21.052724], [105.923515, 21.053403], [105.923344, 21.053468], [105.922933, 21.05347], [105.922661, 21.053761], [105.921812, 21.05502], [105.921608, 21.055182], [105.921369, 21.055279], [105.920581, 21.055251], [105.920033, 21.055415], [105.919692, 21.05561], [105.919522, 21.055772], [105.918843, 21.056804], [105.91881, 21.05703], [105.918674, 21.057223], [105.918576, 21.057931], [105.918405, 21.057997], [105.918062, 21.057998], [105.917616, 21.057872], [105.916895, 21.057554], [105.916723, 21.057395], [105.916448, 21.057332], [105.914559, 21.056409], [105.914351, 21.056153], [105.913424, 21.055772], [105.913286, 21.055645], [105.912943, 21.055518], [105.912633, 21.055262], [105.912325, 21.0552], [105.911912, 21.055009], [105.911671, 21.054817], [105.911225, 21.054659], [105.907583, 21.052781], [105.907342, 21.052718], [105.906964, 21.052431], [105.906346, 21.052209], [105.906139, 21.052049], [105.905178, 21.051604], [105.90449, 21.05119], [105.903425, 21.050713], [105.903218, 21.050521], [105.90291, 21.050458], [105.901192, 21.049599], [105.900951, 21.049376], [105.900608, 21.049281], [105.900401, 21.049121], [105.89889, 21.04839], [105.897515, 21.047625], [105.897205, 21.047337], [105.896759, 21.047211], [105.896518, 21.047019], [105.89559, 21.046542], [105.894627, 21.045936]]]}}, {"type": "Feature", "properties": {"slug": "phuong-liet", "name": "Phường Phương Liệt", "short": "Phương Liệt", "type": "phuong", "area_km2": 3.29, "source": "Số hoá từ Bản đồ phương án thành lập đơn vị hành chính (Sở Nội vụ TP Hà Nội), VN-2000 → WGS84", "fit_rms_m": 9.2, "method": "pink", "scale": null, "hq": [105.825795, 20.998306]}, "geometry": {"type": "Polygon", "coordinates": [[[105.822775, 21.002421], [105.822693, 21.002299], [105.822659, 21.00207], [105.822577, 21.001949], [105.822576, 21.001826], [105.82251, 21.001659], [105.822477, 21.00146], [105.822411, 21.001354], [105.82241, 21.001216], [105.822278, 21.000835], [105.822277, 21.000698], [105.822211, 21.000576], [105.822178, 21.000331], [105.822013, 20.999996], [105.822013, 20.999935], [105.821898, 20.999752], [105.821897, 20.999676], [105.821783, 20.999493], [105.821763, 20.998943], [105.821872, 20.998026], [105.821838, 20.997767], [105.821772, 20.997553], [105.821751, 20.996744], [105.821815, 20.99653], [105.821815, 20.996407], [105.821863, 20.996331], [105.821862, 20.996193], [105.82191, 20.996101], [105.821941, 20.995826], [105.82199, 20.995719], [105.822052, 20.995291], [105.822275, 20.994343], [105.822076, 20.993748], [105.821978, 20.993611], [105.821945, 20.993459], [105.82183, 20.993291], [105.821797, 20.993123], [105.821698, 20.992986], [105.821698, 20.99291], [105.821616, 20.992758], [105.821615, 20.992635], [105.821873, 20.992313], [105.821954, 20.99216], [105.822132, 20.991976], [105.822164, 20.9919], [105.822342, 20.991731], [105.822633, 20.991347], [105.82294, 20.991025], [105.823037, 20.990857], [105.823376, 20.990519], [105.823457, 20.990366], [105.823602, 20.990228], [105.823635, 20.990151], [105.823909, 20.989814], [105.824362, 20.989369], [105.825009, 20.988663], [105.825251, 20.98831], [105.825429, 20.988111], [105.825525, 20.987942], [105.825719, 20.987728], [105.825848, 20.987513], [105.826641, 20.986745], [105.826787, 20.986638], [105.826803, 20.986592], [105.828259, 20.98518], [105.828583, 20.984934], [105.829068, 20.984503], [105.829944, 20.984072], [105.830642, 20.983778], [105.830805, 20.983777], [105.831195, 20.983684], [105.831601, 20.983636], [105.83165, 20.983651], [105.831877, 20.983589], [105.832186, 20.983587], [105.832495, 20.983509], [105.83282, 20.983508], [105.833032, 20.983552], [105.833633, 20.983534], [105.833878, 20.983579], [105.834414, 20.983561], [105.834593, 20.983606], [105.834723, 20.983575], [105.835, 20.983604], [105.835097, 20.983573], [105.835179, 20.983603], [105.837244, 20.983578], [105.837797, 20.98359], [105.837879, 20.98362], [105.838042, 20.983619], [105.838123, 20.983588], [105.838221, 20.983619], [105.838708, 20.983616], [105.83879, 20.983585], [105.838871, 20.983615], [105.840156, 20.983594], [105.840741, 20.983606], [105.840986, 20.983651], [105.841051, 20.983742], [105.841128, 20.988752], [105.841234, 20.993227], [105.84125, 20.995915], [105.841291, 20.997534], [105.841276, 20.997657], [105.841227, 20.997748], [105.840919, 20.997857], [105.840594, 20.99792], [105.839993, 20.998091], [105.839895, 20.998091], [105.839197, 20.998293], [105.838921, 20.99834], [105.838336, 20.998511], [105.836955, 20.998839], [105.836452, 20.998979], [105.836322, 20.999056], [105.835965, 20.999088], [105.83551, 20.999228], [105.835347, 20.999244], [105.835201, 20.999306], [105.83499, 20.999337], [105.83257, 20.999975], [105.832407, 20.999991], [105.83231, 21.000038], [105.830815, 21.000396], [105.830604, 21.000474], [105.830442, 21.00049], [105.830296, 21.000552], [105.829451, 21.000739], [105.829354, 21.000785], [105.82807, 21.001097], [105.824789, 21.001999], [105.824416, 21.002123], [105.82427, 21.002124], [105.824091, 21.002201], [105.822937, 21.002451], [105.822775, 21.002421]]]}}, {"type": "Feature", "properties": {"slug": "son-tay", "name": "Phường Sơn Tây", "short": "Sơn Tây", "type": "phuong", "area_km2": 21.78, "source": "Số hoá từ Bản đồ phương án thành lập đơn vị hành chính (Sở Nội vụ TP Hà Nội), VN-2000 → WGS84", "fit_rms_m": 4.3, "method": "fill", "scale": null, "hq": [105.506579, 21.140934]}, "geometry": {"type": "Polygon", "coordinates": [[[105.467381, 21.168647], [105.466805, 21.16811], [105.466804, 21.167774], [105.467018, 21.167437], [105.466871, 21.166227], [105.467014, 21.166025], [105.466864, 21.164075], [105.467007, 21.163872], [105.467006, 21.163536], [105.465784, 21.162463], [105.465282, 21.162465], [105.464851, 21.162197], [105.46485, 21.16186], [105.465492, 21.16085], [105.465491, 21.160513], [105.464628, 21.15991], [105.464127, 21.159912], [105.463552, 21.159712], [105.462904, 21.158839], [105.462903, 21.158503], [105.46326, 21.158098], [105.463759, 21.157155], [105.463829, 21.156348], [105.463326, 21.156013], [105.462395, 21.156352], [105.461749, 21.156219], [105.461745, 21.155076], [105.4616, 21.154605], [105.461168, 21.153866], [105.460234, 21.153264], [105.460304, 21.15286], [105.461019, 21.152118], [105.461018, 21.151782], [105.460657, 21.150976], [105.460655, 21.150236], [105.460367, 21.149967], [105.459148, 21.149769], [105.4585, 21.149031], [105.457782, 21.148764], [105.457278, 21.147958], [105.457419, 21.147083], [105.457201, 21.146411], [105.45677, 21.146009], [105.455981, 21.145742], [105.455693, 21.145406], [105.455263, 21.145407], [105.453974, 21.146218], [105.452613, 21.146491], [105.451898, 21.147098], [105.451827, 21.147434], [105.451255, 21.147772], [105.450608, 21.147438], [105.450606, 21.146563], [105.451178, 21.146024], [105.452682, 21.145549], [105.453254, 21.145144], [105.455402, 21.144264], [105.455831, 21.143859], [105.455825, 21.141841], [105.45611, 21.141168], [105.45661, 21.140561], [105.456825, 21.140493], [105.457256, 21.140761], [105.457479, 21.143384], [105.458054, 21.143786], [105.458769, 21.143246], [105.459053, 21.142438], [105.459114, 21.13894], [105.459327, 21.138132], [105.459685, 21.137862], [105.461763, 21.137587], [105.462694, 21.137316], [105.473792, 21.132644], [105.477014, 21.131492], [105.477802, 21.131355], [105.480168, 21.131348], [105.481961, 21.131747], [105.484043, 21.132548], [105.484258, 21.13248], [105.484829, 21.131873], [105.484829, 21.131604], [105.485257, 21.131132], [105.485399, 21.130728], [105.486042, 21.130121], [105.486327, 21.129515], [105.487113, 21.128705], [105.487398, 21.128166], [105.487827, 21.127829], [105.487898, 21.127492], [105.488255, 21.127222], [105.488326, 21.126953], [105.489398, 21.125806], [105.489611, 21.125335], [105.489969, 21.125065], [105.490325, 21.124391], [105.490682, 21.124054], [105.490824, 21.123448], [105.491038, 21.123178], [105.491108, 21.12264], [105.491465, 21.122168], [105.492389, 21.119946], [105.493032, 21.119271], [105.493745, 21.118059], [105.495315, 21.116036], [105.495304, 21.112673], [105.495447, 21.112471], [105.495948, 21.112335], [105.496666, 21.112736], [105.497455, 21.112734], [105.498244, 21.113068], [105.49839, 21.11374], [105.498179, 21.115019], [105.498323, 21.115288], [105.499114, 21.115891], [105.499044, 21.116362], [105.498543, 21.116565], [105.498257, 21.116835], [105.498258, 21.117104], [105.498617, 21.117372], [105.498978, 21.117976], [105.499481, 21.118445], [105.499911, 21.118444], [105.500268, 21.118107], [105.500268, 21.117905], [105.500553, 21.117501], [105.500911, 21.117365], [105.502203, 21.117899], [105.502991, 21.117628], [105.503636, 21.117761], [105.504068, 21.118365], [105.504788, 21.119035], [105.50522, 21.119774], [105.505296, 21.120917], [105.505014, 21.122263], [105.505087, 21.122935], [105.505375, 21.123204], [105.506021, 21.123538], [105.507167, 21.123198], [105.50767, 21.123398], [105.507815, 21.123936], [105.508318, 21.124271], [105.509892, 21.123392], [105.51025, 21.123323], [105.510609, 21.123457], [105.512695, 21.125468], [105.51306, 21.127485], [105.513708, 21.128223], [105.514713, 21.128624], [105.515857, 21.12788], [105.516216, 21.128014], [105.516362, 21.128551], [105.516649, 21.128819], [105.517294, 21.128818], [105.517797, 21.129018], [105.518084, 21.12895], [105.518369, 21.12868], [105.518439, 21.128209], [105.518797, 21.128073], [105.519156, 21.128206], [105.51923, 21.128879], [105.520093, 21.129616], [105.520097, 21.130692], [105.520746, 21.131766], [105.521681, 21.132638], [105.522327, 21.13304], [105.522973, 21.133239], [105.523475, 21.133238], [105.524624, 21.133638], [105.524697, 21.134176], [105.524414, 21.135051], [105.523052, 21.135257], [105.522551, 21.13546], [105.522265, 21.13573], [105.521482, 21.137347], [105.521343, 21.138491], [105.521058, 21.139097], [105.5207, 21.139233], [105.519553, 21.139236], [105.518264, 21.139644], [105.517332, 21.139579], [105.516688, 21.139985], [105.516188, 21.140592], [105.515773, 21.14483], [105.516208, 21.146309], [105.516713, 21.147316], [105.516502, 21.148326], [105.517082, 21.150342], [105.517086, 21.151283], [105.516944, 21.151822], [105.516228, 21.152093], [105.51544, 21.152163], [105.515011, 21.152702], [105.513794, 21.153109], [105.513291, 21.152909], [105.512289, 21.153249], [105.511573, 21.153722], [105.510857, 21.153925], [105.510713, 21.153859], [105.510069, 21.154062], [105.507272, 21.154004], [105.505983, 21.154344], [105.505552, 21.154345], [105.504837, 21.154683], [105.503762, 21.154888], [105.502831, 21.155295], [105.501827, 21.15523], [105.500896, 21.155435], [105.499892, 21.155438], [105.499534, 21.155574], [105.497956, 21.155578], [105.496165, 21.155987], [105.496021, 21.15592], [105.49552, 21.156123], [105.495018, 21.156125], [105.493729, 21.156667], [105.49201, 21.156941], [105.491722, 21.156874], [105.490791, 21.157146], [105.489216, 21.157823], [105.488572, 21.158363], [105.486925, 21.158839], [105.484134, 21.160461], [105.482132, 21.16235], [105.481418, 21.163294], [105.479273, 21.165183], [105.478342, 21.165589], [105.477913, 21.165994], [105.477126, 21.166333], [105.476553, 21.166805], [105.475408, 21.167347], [105.473191, 21.169169], [105.472547, 21.169843], [105.471974, 21.170047], [105.471328, 21.169847], [105.469964, 21.169111], [105.469891, 21.168909], [105.469101, 21.168306], [105.46774, 21.16878], [105.467381, 21.168647]]]}}, {"type": "Feature", "properties": {"slug": "tay-ho", "name": "Phường Tây Hồ", "short": "Tây Hồ", "type": "phuong", "area_km2": 10.73, "source": "Số hoá từ Bản đồ phương án thành lập đơn vị hành chính (Sở Nội vụ TP Hà Nội), VN-2000 → WGS84", "fit_rms_m": 1.6, "method": "pink", "scale": null, "hq": [105.810657, 21.069016]}, "geometry": {"type": "Polygon", "coordinates": [[[105.816612, 21.084418], [105.816258, 21.084199], [105.816139, 21.083924], [105.815991, 21.083787], [105.815872, 21.083484], [105.815725, 21.083347], [105.815546, 21.08299], [105.81531, 21.082715], [105.814717, 21.08167], [105.814539, 21.081505], [105.814154, 21.08079], [105.813887, 21.080488], [105.813828, 21.080296], [105.813443, 21.079773], [105.812464, 21.078096], [105.812317, 21.077959], [105.812227, 21.077711], [105.811813, 21.077134], [105.811693, 21.076776], [105.811278, 21.076006], [105.811247, 21.075841], [105.810861, 21.075071], [105.810801, 21.07485], [105.810624, 21.074575], [105.810504, 21.07419], [105.810147, 21.073447], [105.810147, 21.073309], [105.810028, 21.073144], [105.809968, 21.072869], [105.809671, 21.072291], [105.809611, 21.071988], [105.809433, 21.071658], [105.809372, 21.071383], [105.809195, 21.071108], [105.809194, 21.070997], [105.808393, 21.069512], [105.808185, 21.069017], [105.807799, 21.06844], [105.807651, 21.068082], [105.807295, 21.067532], [105.806879, 21.066707], [105.806761, 21.066597], [105.806642, 21.066294], [105.80602, 21.065277], [105.805812, 21.064837], [105.805694, 21.064727], [105.805308, 21.064012], [105.805042, 21.06371], [105.804982, 21.063517], [105.804656, 21.063022], [105.804389, 21.062445], [105.804387, 21.062196], [105.804328, 21.062114], [105.804332, 21.057371], [105.804272, 21.057013], [105.804301, 21.051498], [105.804359, 21.051415], [105.804442, 21.050504], [105.8045, 21.050366], [105.804498, 21.04998], [105.804614, 21.049704], [105.804671, 21.049345], [105.804758, 21.049207], [105.804757, 21.048959], [105.804931, 21.0486], [105.805104, 21.047909], [105.80522, 21.047743], [105.805777, 21.047548], [105.805983, 21.047547], [105.806335, 21.047435], [105.806599, 21.047461], [105.806746, 21.047405], [105.806864, 21.047432], [105.807216, 21.047348], [105.807568, 21.047346], [105.807715, 21.04729], [105.808009, 21.047316], [105.808243, 21.04726], [105.808478, 21.047121], [105.808742, 21.047065], [105.809005, 21.046898], [105.809269, 21.046842], [105.809679, 21.046592], [105.809943, 21.046535], [105.810412, 21.046312], [105.810675, 21.046118], [105.81091, 21.046062], [105.811261, 21.045812], [105.812021, 21.045064], [105.812284, 21.04487], [105.812342, 21.044731], [105.812634, 21.044482], [105.812692, 21.044344], [105.813364, 21.043679], [105.814886, 21.042679], [105.815502, 21.042565], [105.815795, 21.042426], [105.816294, 21.042341], [105.816939, 21.042145], [105.81738, 21.042143], [105.817644, 21.042059], [105.818231, 21.042084], [105.818671, 21.041999], [105.819259, 21.042023], [105.819464, 21.041967], [105.819758, 21.042021], [105.820022, 21.041937], [105.820287, 21.041936], [105.820726, 21.041796], [105.821108, 21.041794], [105.821372, 21.04171], [105.821578, 21.041736], [105.822311, 21.04154], [105.822457, 21.041429], [105.82319, 21.041205], [105.824568, 21.040647], [105.824861, 21.04059], [105.825125, 21.040423], [105.825594, 21.040311], [105.825799, 21.040172], [105.826063, 21.040115], [105.826151, 21.040032], [105.826327, 21.040004], [105.826444, 21.039921], [105.826737, 21.039864], [105.827206, 21.039669], [105.827294, 21.039585], [105.828115, 21.039416], [105.828703, 21.039468], [105.829234, 21.03999], [105.829294, 21.040127], [105.829589, 21.040346], [105.829678, 21.040511], [105.830062, 21.040896], [105.830859, 21.041553], [105.831682, 21.041742], [105.832505, 21.041766], [105.832828, 21.041847], [105.833122, 21.041846], [105.833268, 21.04179], [105.833445, 21.041844], [105.834796, 21.04181], [105.83512, 21.041946], [105.835179, 21.042056], [105.835211, 21.042442], [105.835329, 21.042552], [105.835828, 21.042605], [105.836005, 21.042714], [105.836064, 21.042824], [105.836066, 21.043072], [105.836214, 21.043347], [105.836364, 21.04387], [105.836513, 21.0442], [105.83669, 21.04442], [105.836636, 21.045303], [105.836726, 21.045606], [105.836759, 21.046129], [105.836879, 21.046736], [105.837292, 21.047064], [105.837674, 21.04709], [105.837939, 21.047199], [105.838058, 21.047447], [105.83809, 21.047833], [105.838475, 21.048355], [105.838829, 21.048711], [105.838948, 21.048931], [105.839039, 21.0494], [105.839394, 21.049894], [105.839719, 21.050196], [105.839984, 21.050305], [105.84019, 21.050497], [105.84025, 21.050607], [105.840251, 21.0508], [105.840164, 21.050966], [105.838293, 21.052712], [105.838177, 21.052989], [105.838002, 21.053155], [105.837886, 21.053431], [105.837711, 21.053597], [105.837624, 21.053846], [105.83742, 21.054068], [105.837275, 21.054399], [105.837187, 21.054482], [105.837129, 21.054676], [105.836955, 21.054925], [105.836606, 21.055643], [105.836431, 21.055865], [105.835792, 21.057164], [105.835675, 21.057275], [105.83553, 21.057607], [105.835442, 21.05769], [105.835327, 21.058021], [105.835093, 21.058243], [105.834977, 21.058547], [105.834743, 21.058741], [105.834627, 21.058935], [105.83416, 21.059433], [105.834043, 21.059654], [105.83381, 21.059904], [105.833694, 21.060152], [105.833431, 21.060402], [105.832877, 21.061122], [105.832617, 21.061978], [105.832501, 21.062171], [105.832472, 21.062392], [105.832327, 21.062613], [105.832125, 21.063304], [105.83169, 21.064298], [105.831134, 21.06466], [105.830547, 21.0648], [105.830135, 21.064775], [105.829842, 21.064859], [105.829607, 21.064833], [105.829343, 21.064917], [105.828847, 21.065443], [105.82873, 21.065692], [105.827884, 21.066688], [105.827797, 21.066882], [105.827563, 21.067104], [105.827476, 21.067297], [105.827213, 21.067574], [105.827155, 21.067712], [105.826571, 21.068377], [105.826397, 21.068653], [105.826369, 21.068902], [105.826253, 21.069151], [105.826262, 21.070833], [105.826093, 21.072157], [105.825976, 21.072351], [105.825919, 21.072627], [105.825686, 21.073041], [105.824401, 21.074261], [105.824313, 21.074289], [105.824079, 21.074538], [105.823845, 21.074677], [105.823611, 21.074926], [105.821827, 21.076369], [105.821271, 21.076896], [105.820658, 21.077615], [105.820222, 21.078307], [105.819697, 21.078999], [105.819639, 21.079165], [105.819463, 21.079331], [105.819376, 21.079524], [105.819143, 21.079801], [105.819085, 21.079967], [105.818501, 21.080714], [105.818298, 21.081184], [105.818065, 21.081488], [105.817629, 21.082318], [105.817454, 21.082539], [105.817135, 21.083368], [105.817078, 21.083699], [105.816933, 21.083976], [105.816933, 21.084113], [105.816788, 21.084335], [105.816612, 21.084418]]]}}, {"type": "Feature", "properties": {"slug": "tay-mo", "name": "Phường Tây Mỗ", "short": "Tây Mỗ", "type": "phuong", "area_km2": 5.72, "source": "Số hoá từ Bản đồ phương án thành lập đơn vị hành chính (Sở Nội vụ TP Hà Nội), VN-2000 → WGS84", "fit_rms_m": 0.1, "method": "pink", "scale": null, "hq": [105.74893, 21.004777]}, "geometry": {"type": "Polygon", "coordinates": [[[105.730288, 21.010881], [105.730232, 21.010778], [105.730231, 21.010443], [105.730422, 21.010106], [105.730448, 21.009899], [105.730639, 21.009459], [105.730638, 21.00933], [105.730747, 21.009149], [105.730774, 21.008916], [105.730883, 21.008709], [105.730882, 21.008554], [105.7311, 21.008062], [105.731261, 21.00739], [105.731479, 21.006872], [105.731776, 21.005812], [105.731858, 21.005682], [105.732291, 21.004208], [105.732509, 21.003664], [105.732589, 21.003277], [105.732942, 21.002319], [105.732941, 21.002164], [105.733376, 21.000974], [105.733538, 21.000328], [105.733701, 20.999939], [105.7337, 20.99981], [105.734405, 20.997766], [105.734405, 20.997637], [105.734568, 20.997249], [105.734649, 20.996861], [105.734785, 20.996576], [105.734784, 20.996421], [105.735055, 20.995594], [105.735081, 20.99518], [105.735217, 20.994999], [105.735541, 20.993706], [105.735704, 20.993395], [105.735924, 20.993342], [105.737852, 20.993876], [105.740607, 20.994536], [105.74124, 20.99474], [105.74157, 20.994739], [105.74168, 20.994635], [105.74176, 20.994195], [105.741923, 20.993755], [105.742442, 20.993056], [105.746221, 20.989578], [105.746413, 20.989525], [105.747212, 20.989728], [105.752805, 20.991538], [105.754621, 20.991633], [105.754759, 20.991684], [105.755447, 20.991681], [105.755585, 20.991732], [105.756795, 20.991778], [105.756933, 20.991829], [105.757456, 20.991827], [105.757593, 20.991878], [105.758281, 20.991875], [105.758419, 20.991926], [105.759272, 20.991922], [105.759409, 20.99187], [105.759739, 20.991869], [105.759932, 20.991919], [105.760181, 20.992202], [105.76032, 20.992486], [105.761484, 20.994212], [105.762761, 20.996531], [105.762707, 20.996789], [105.762543, 20.996893], [105.762132, 20.997334], [105.76197, 20.997929], [105.761615, 20.998396], [105.761616, 20.998577], [105.761811, 20.999015], [105.761811, 20.999144], [105.76195, 20.999428], [105.762007, 20.999738], [105.762146, 20.999995], [105.76237, 21.000718], [105.762345, 21.001208], [105.761745, 21.002322], [105.761639, 21.003175], [105.761641, 21.003433], [105.761753, 21.003975], [105.762252, 21.004671], [105.762475, 21.005212], [105.762477, 21.005651], [105.762259, 21.006091], [105.76229, 21.006711], [105.762181, 21.006867], [105.753524, 21.008662], [105.752039, 21.008901], [105.75127, 21.009085], [105.75105, 21.009086], [105.749154, 21.009482], [105.748713, 21.009406], [105.748274, 21.009512], [105.747696, 21.009566], [105.747449, 21.009644], [105.747201, 21.00962], [105.747037, 21.009724], [105.746624, 21.009829], [105.745937, 21.009832], [105.745799, 21.009884], [105.744424, 21.009942], [105.744287, 21.009994], [105.742939, 21.010052], [105.742802, 21.010104], [105.742197, 21.010107], [105.742059, 21.010159], [105.741399, 21.010162], [105.741262, 21.010214], [105.739941, 21.010271], [105.739804, 21.010324], [105.739171, 21.010326], [105.739034, 21.010379], [105.738429, 21.010381], [105.738292, 21.010434], [105.737631, 21.010436], [105.737494, 21.010489], [105.736916, 21.010491], [105.736779, 21.010543], [105.736146, 21.010546], [105.736009, 21.010598], [105.735459, 21.010601], [105.735211, 21.010679], [105.734634, 21.010656], [105.734496, 21.010708], [105.733891, 21.010711], [105.733754, 21.010763], [105.733176, 21.010766], [105.733039, 21.010818], [105.732296, 21.010821], [105.732159, 21.010873], [105.730783, 21.010931], [105.730646, 21.010983], [105.730426, 21.010958], [105.730288, 21.010881]]]}}, {"type": "Feature", "properties": {"slug": "tay-tuu", "name": "Phường Tây Tựu", "short": "Tây Tựu", "type": "phuong", "area_km2": 7.71, "source": "Số hoá từ Bản đồ phương án thành lập đơn vị hành chính (Sở Nội vụ TP Hà Nội), VN-2000 → WGS84", "fit_rms_m": 0.3, "method": "pink", "scale": null, "hq": [105.746861, 21.06468]}, "geometry": {"type": "Polygon", "coordinates": [[[105.728348, 21.08236], [105.726432, 21.080495], [105.725487, 21.079288], [105.724629, 21.077694], [105.724391, 21.077034], [105.724091, 21.075796], [105.723968, 21.074503], [105.723993, 21.073786], [105.724634, 21.066734], [105.724601, 21.059877], [105.724659, 21.059767], [105.724922, 21.059545], [105.728576, 21.056941], [105.729278, 21.056498], [105.729453, 21.056332], [105.729629, 21.056276], [105.729951, 21.055999], [105.730506, 21.055666], [105.735096, 21.05248], [105.736588, 21.051509], [105.736821, 21.051288], [105.736938, 21.051067], [105.737289, 21.051011], [105.737786, 21.050678], [105.73966, 21.049954], [105.739836, 21.049843], [105.74449, 21.04795], [105.745223, 21.047699], [105.745428, 21.047753], [105.745752, 21.048082], [105.746107, 21.048576], [105.746108, 21.048769], [105.746021, 21.048907], [105.746021, 21.049017], [105.746228, 21.049292], [105.746229, 21.049485], [105.746171, 21.049595], [105.745674, 21.050093], [105.745675, 21.050203], [105.74597, 21.05045], [105.746264, 21.050586], [105.747206, 21.051353], [105.748235, 21.051789], [105.748559, 21.052063], [105.748677, 21.052255], [105.74865, 21.052586], [105.748186, 21.053662], [105.7481, 21.05402], [105.747983, 21.054186], [105.747984, 21.054351], [105.748131, 21.054488], [105.748631, 21.054651], [105.748778, 21.054761], [105.748837, 21.05487], [105.748838, 21.055063], [105.748722, 21.055257], [105.748723, 21.055449], [105.748841, 21.055559], [105.749282, 21.05575], [105.750633, 21.056184], [105.750957, 21.056348], [105.751397, 21.056456], [105.751897, 21.056674], [105.752602, 21.056892], [105.752926, 21.057055], [105.755365, 21.057926], [105.755483, 21.058008], [105.755659, 21.058035], [105.755983, 21.058198], [105.760509, 21.059886], [105.760834, 21.06027], [105.760806, 21.060628], [105.760689, 21.060793], [105.760572, 21.060822], [105.760426, 21.06096], [105.760368, 21.061125], [105.760164, 21.061209], [105.760047, 21.06132], [105.759989, 21.061485], [105.759784, 21.061596], [105.759609, 21.061845], [105.759259, 21.062094], [105.759142, 21.062287], [105.758996, 21.062316], [105.758733, 21.062647], [105.758587, 21.062675], [105.758441, 21.062814], [105.758325, 21.063035], [105.758178, 21.063063], [105.757945, 21.063339], [105.757798, 21.063367], [105.757507, 21.063727], [105.757302, 21.063783], [105.757097, 21.064031], [105.75698, 21.064059], [105.756659, 21.064391], [105.756542, 21.064419], [105.75628, 21.064724], [105.756133, 21.064752], [105.755987, 21.064945], [105.755666, 21.065194], [105.755667, 21.065387], [105.756085, 21.0669], [105.756086, 21.067093], [105.75594, 21.067286], [105.755237, 21.067482], [105.755003, 21.067621], [105.754681, 21.067705], [105.754008, 21.068011], [105.753744, 21.068067], [105.753539, 21.068205], [105.753129, 21.068317], [105.752514, 21.068596], [105.751841, 21.068819], [105.751695, 21.06893], [105.751255, 21.069042], [105.750963, 21.069208], [105.75067, 21.069265], [105.750494, 21.069376], [105.749118, 21.069877], [105.748942, 21.069988], [105.748649, 21.070045], [105.747859, 21.070406], [105.746658, 21.070824], [105.746512, 21.070935], [105.746072, 21.071047], [105.74534, 21.071381], [105.744052, 21.071827], [105.743789, 21.071994], [105.743027, 21.072217], [105.742793, 21.072383], [105.742412, 21.072468], [105.741651, 21.072829], [105.741065, 21.072997], [105.740772, 21.073163], [105.740509, 21.07322], [105.739484, 21.073637], [105.738783, 21.074274], [105.738607, 21.074357], [105.736182, 21.076378], [105.735656, 21.076738], [105.735247, 21.077153], [105.734867, 21.077402], [105.734136, 21.078039], [105.73399, 21.078094], [105.733786, 21.078316], [105.73361, 21.078399], [105.732909, 21.079035], [105.732617, 21.079229], [105.732032, 21.079755], [105.731915, 21.079783], [105.731682, 21.080032], [105.731506, 21.080115], [105.731272, 21.080364], [105.731097, 21.080448], [105.730863, 21.080697], [105.730658, 21.080808], [105.730396, 21.081084], [105.729402, 21.081832], [105.729227, 21.082025], [105.728788, 21.082358], [105.728583, 21.082414], [105.728348, 21.08236]]]}}, {"type": "Feature", "properties": {"slug": "thanh-liet", "name": "Phường Thanh Liệt", "short": "Thanh Liệt", "type": "phuong", "area_km2": 6.58, "source": "Số hoá từ Bản đồ phương án thành lập đơn vị hành chính (Sở Nội vụ TP Hà Nội), VN-2000 → WGS84", "fit_rms_m": 0.9, "method": "pink", "scale": null, "hq": [105.814396, 20.964844]}, "geometry": {"type": "Polygon", "coordinates": [[[105.802796, 20.991484], [105.802089, 20.990937], [105.801737, 20.990773], [105.80156, 20.990581], [105.800706, 20.989952], [105.800559, 20.989898], [105.800323, 20.989678], [105.799558, 20.989186], [105.798263, 20.988201], [105.797969, 20.988037], [105.797262, 20.98749], [105.797116, 20.987435], [105.794996, 20.985876], [105.794761, 20.985767], [105.794143, 20.985247], [105.793348, 20.984755], [105.792642, 20.984207], [105.792347, 20.983851], [105.792346, 20.983685], [105.792433, 20.98352], [105.793045, 20.982884], [105.793103, 20.982746], [105.793774, 20.981999], [105.793919, 20.981751], [105.795085, 20.980423], [105.795171, 20.980203], [105.795813, 20.979566], [105.7959, 20.979346], [105.796162, 20.979097], [105.79622, 20.978959], [105.7966, 20.978627], [105.797095, 20.977991], [105.7973, 20.977935], [105.797593, 20.977934], [105.798327, 20.978095], [105.798444, 20.978067], [105.79856, 20.977957], [105.798789, 20.976827], [105.798756, 20.976221], [105.7989, 20.975559], [105.798635, 20.975395], [105.798459, 20.975396], [105.798077, 20.975288], [105.79796, 20.975316], [105.797461, 20.975181], [105.797344, 20.975209], [105.796375, 20.974993], [105.796257, 20.974828], [105.796341, 20.974084], [105.796135, 20.973948], [105.795109, 20.973842], [105.795021, 20.97387], [105.794846, 20.974119], [105.7947, 20.974202], [105.794524, 20.974231], [105.794143, 20.974122], [105.794024, 20.973958], [105.793992, 20.973324], [105.79378, 20.972086], [105.793542, 20.971454], [105.793099, 20.970795], [105.792657, 20.970384], [105.792098, 20.969974], [105.792039, 20.969864], [105.792038, 20.969671], [105.792416, 20.969091], [105.792998, 20.9684], [105.793085, 20.968207], [105.793581, 20.967627], [105.793842, 20.967212], [105.794658, 20.9663], [105.794716, 20.966134], [105.795037, 20.965775], [105.795094, 20.965637], [105.797687, 20.962513], [105.798067, 20.962264], [105.798213, 20.962235], [105.798505, 20.962069], [105.79871, 20.961903], [105.799499, 20.961541], [105.799703, 20.961347], [105.79985, 20.961319], [105.800054, 20.961153], [105.800464, 20.961013], [105.800668, 20.96082], [105.800902, 20.960763], [105.801136, 20.96057], [105.801428, 20.960486], [105.801633, 20.960292], [105.801896, 20.960208], [105.802276, 20.959959], [105.802978, 20.959652], [105.803328, 20.959403], [105.803738, 20.959263], [105.804001, 20.959069], [105.804322, 20.958958], [105.804439, 20.958847], [105.804819, 20.958707], [105.804965, 20.958569], [105.805726, 20.958235], [105.80593, 20.958069], [105.806252, 20.957957], [105.806368, 20.957847], [105.806778, 20.957679], [105.806895, 20.957569], [105.808269, 20.956901], [105.808385, 20.956791], [105.808736, 20.956651], [105.809058, 20.956429], [105.809643, 20.956179], [105.810051, 20.955902], [105.811133, 20.955401], [105.811279, 20.955262], [105.811689, 20.955095], [105.811805, 20.954985], [105.812975, 20.954401], [105.813091, 20.95429], [105.813091, 20.95418], [105.812736, 20.953686], [105.812735, 20.953493], [105.812851, 20.9533], [105.814807, 20.951749], [105.815624, 20.951001], [105.815913, 20.950256], [105.816088, 20.950035], [105.816819, 20.949784], [105.817084, 20.94992], [105.817409, 20.950414], [105.818504, 20.952364], [105.819302, 20.953627], [105.81992, 20.954065], [105.819979, 20.954174], [105.819982, 20.95467], [105.82013, 20.954945], [105.820336, 20.955137], [105.820514, 20.955466], [105.820632, 20.955576], [105.820896, 20.955602], [105.821043, 20.955684], [105.821162, 20.956069], [105.821314, 20.957114], [105.821169, 20.957308], [105.820262, 20.95756], [105.81997, 20.957809], [105.819853, 20.957837], [105.818454, 20.959303], [105.818219, 20.95936], [105.818015, 20.959553], [105.817577, 20.959803], [105.817196, 20.95986], [105.816464, 20.960084], [105.81582, 20.960087], [105.813824, 20.959628], [105.813385, 20.959741], [105.813122, 20.960017], [105.813094, 20.96021], [105.813418, 20.960567], [105.814007, 20.960977], [105.81433, 20.961058], [105.814507, 20.961222], [105.814976, 20.961385], [105.815094, 20.961495], [105.815359, 20.961576], [105.815535, 20.961713], [105.81627, 20.96204], [105.816476, 20.962204], [105.816799, 20.962313], [105.817005, 20.962504], [105.81724, 20.962586], [105.817446, 20.962778], [105.817681, 20.962859], [105.817917, 20.963078], [105.818123, 20.963132], [105.818623, 20.963571], [105.818771, 20.963763], [105.818888, 20.96379], [105.819213, 20.964146], [105.819418, 20.964228], [105.819654, 20.964474], [105.819831, 20.964528], [105.820066, 20.964775], [105.820684, 20.965103], [105.821008, 20.965404], [105.821361, 20.965567], [105.821595, 20.965539], [105.8218, 20.965593], [105.821919, 20.965758], [105.82192, 20.966005], [105.822303, 20.966389], [105.82245, 20.966416], [105.822627, 20.966608], [105.822862, 20.966662], [105.823304, 20.9671], [105.823364, 20.96732], [105.823629, 20.967539], [105.823689, 20.967814], [105.823925, 20.968061], [105.824014, 20.968253], [105.824014, 20.968391], [105.824192, 20.968638], [105.824193, 20.968858], [105.824429, 20.969187], [105.82443, 20.969352], [105.824637, 20.969627], [105.824667, 20.969819], [105.824815, 20.970067], [105.824816, 20.970232], [105.825023, 20.970534], [105.825024, 20.970781], [105.824908, 20.970947], [105.821864, 20.971898], [105.821571, 20.971844], [105.821393, 20.97157], [105.821303, 20.971102], [105.821125, 20.970663], [105.820504, 20.969784], [105.819648, 20.96877], [105.819559, 20.968577], [105.81894, 20.967892], [105.818292, 20.967372], [105.81791, 20.967209], [105.817559, 20.967348], [105.817355, 20.967514], [105.816566, 20.967903], [105.815894, 20.968347], [105.815601, 20.968459], [105.81452, 20.969125], [105.814228, 20.969236], [105.814023, 20.969403], [105.813234, 20.969792], [105.812942, 20.970013], [105.812708, 20.970097], [105.812065, 20.970513], [105.811772, 20.970625], [105.811188, 20.971013], [105.810837, 20.971152], [105.810691, 20.971291], [105.81034, 20.97143], [105.809815, 20.971791], [105.809405, 20.971958], [105.808762, 20.972374], [105.808528, 20.972458], [105.808324, 20.972624], [105.807973, 20.972736], [105.807827, 20.972846], [105.807154, 20.973125], [105.807037, 20.973236], [105.807068, 20.973456], [105.807245, 20.973703], [105.807275, 20.973868], [105.807482, 20.974142], [105.807482, 20.974252], [105.80772, 20.974719], [105.807779, 20.974967], [105.807957, 20.975186], [105.807957, 20.975351], [105.808223, 20.975736], [105.808254, 20.975956], [105.808431, 20.976203], [105.808432, 20.976368], [105.808698, 20.976807], [105.808699, 20.977], [105.808437, 20.977332], [105.808321, 20.97758], [105.80803, 20.977884], [105.807943, 20.978078], [105.807739, 20.978271], [105.807361, 20.978851], [105.806778, 20.979542], [105.806691, 20.979736], [105.806574, 20.979846], [105.806575, 20.979984], [105.808135, 20.981078], [105.80837, 20.981187], [105.808576, 20.981379], [105.808782, 20.98146], [105.809018, 20.98168], [105.809517, 20.981953], [105.80993, 20.982309], [105.809989, 20.982418], [105.80999, 20.982639], [105.809117, 20.983827], [105.809149, 20.98424], [105.809091, 20.98435], [105.808974, 20.984433], [105.808652, 20.984517], [105.808506, 20.984656], [105.803528, 20.99137], [105.803353, 20.991564], [105.803148, 20.99162], [105.802796, 20.991484]]]}}, {"type": "Feature", "properties": {"slug": "thanh-xuan", "name": "Phường Thanh Xuân", "short": "Thanh Xuân", "type": "phuong", "area_km2": 3.34, "source": "Số hoá từ Bản đồ phương án thành lập đơn vị hành chính (Sở Nội vụ TP Hà Nội), VN-2000 → WGS84", "fit_rms_m": 0.0, "method": "pink", "scale": null, "hq": [105.79974, 20.994712]}, "geometry": {"type": "Polygon", "coordinates": [[[105.818148, 21.001801], [105.818073, 21.00192], [105.818049, 21.002086], [105.817798, 21.002538], [105.817699, 21.002871], [105.817399, 21.003418], [105.817375, 21.003584], [105.81725, 21.00375], [105.81725, 21.003869], [105.817001, 21.004415], [105.817001, 21.004534], [105.816677, 21.005176], [105.816576, 21.005271], [105.816451, 21.00558], [105.816026, 21.006317], [105.815901, 21.006436], [105.815851, 21.006579], [105.815725, 21.006698], [105.81565, 21.006864], [105.815525, 21.006983], [105.815099, 21.007626], [105.814546, 21.008197], [105.814219, 21.008412], [105.813692, 21.008865], [105.813037, 21.009201], [105.812886, 21.009344], [105.812735, 21.009392], [105.812332, 21.009702], [105.812181, 21.00975], [105.812056, 21.009869], [105.81125, 21.010324], [105.811124, 21.010443], [105.810797, 21.010563], [105.810695, 21.01054], [105.810442, 21.010351], [105.810009, 21.009713], [105.809857, 21.009571], [105.80945, 21.009004], [105.80808, 21.007801], [105.807446, 21.00733], [105.807142, 21.007166], [105.806837, 21.006906], [105.806483, 21.006718], [105.806204, 21.006482], [105.805672, 21.006153], [105.804328, 21.005163], [105.803517, 21.004646], [105.80334, 21.00448], [105.803213, 21.004434], [105.80301, 21.004245], [105.802909, 21.004222], [105.80116, 21.002949], [105.800679, 21.002667], [105.800425, 21.002431], [105.800273, 21.002432], [105.800173, 21.002527], [105.799897, 21.002932], [105.799194, 21.003741], [105.799069, 21.003979], [105.798291, 21.004884], [105.798242, 21.005026], [105.797815, 21.005479], [105.797689, 21.005527], [105.797461, 21.00548], [105.797005, 21.005127], [105.796904, 21.005103], [105.796675, 21.004891], [105.796574, 21.004868], [105.795611, 21.004161], [105.795206, 21.003926], [105.794774, 21.003572], [105.794673, 21.003549], [105.79442, 21.003337], [105.79409, 21.003148], [105.793989, 21.003007], [105.793988, 21.002864], [105.794063, 21.002722], [105.79464, 21.00196], [105.796722, 20.999508], [105.796722, 20.99939], [105.795683, 20.998659], [105.795455, 20.998566], [105.795201, 20.99833], [105.794517, 20.997906], [105.793047, 20.996869], [105.792921, 20.996823], [105.790336, 20.99508], [105.790133, 20.994891], [105.790107, 20.994749], [105.790257, 20.994582], [105.793808, 20.992669], [105.794789, 20.992095], [105.795443, 20.991618], [105.798557, 20.988426], [105.798734, 20.988377], [105.798885, 20.9884], [105.799468, 20.988801], [105.799671, 20.98899], [105.799874, 20.989083], [105.80033, 20.989413], [105.800508, 20.989578], [105.801065, 20.989932], [105.801598, 20.990356], [105.801851, 20.990497], [105.802155, 20.990756], [105.802408, 20.990874], [105.802713, 20.991157], [105.803068, 20.991392], [105.803219, 20.991439], [105.803575, 20.991746], [105.804005, 20.992004], [105.805526, 20.993088], [105.805804, 20.993229], [105.806388, 20.993677], [105.806818, 20.993912], [105.807021, 20.994101], [105.80735, 20.994289], [105.807731, 20.994595], [105.808643, 20.995207], [105.808922, 20.995348], [105.809277, 20.995631], [105.809682, 20.995866], [105.810823, 20.996667], [105.811076, 20.996785], [105.811963, 20.997421], [105.812165, 20.997467], [105.812343, 20.99768], [105.814269, 20.998927], [105.816297, 21.00034], [105.816524, 21.000434], [105.816651, 21.000552], [105.816778, 21.000575], [105.817158, 21.000905], [105.817437, 21.001046], [105.81802, 21.00147], [105.818147, 21.001635], [105.818148, 21.001801]]]}}, {"type": "Feature", "properties": {"slug": "thuong-cat", "name": "Phường Thượng Cát", "short": "Thượng Cát", "type": "phuong", "area_km2": 14.91, "source": "Số hoá từ Bản đồ phương án thành lập đơn vị hành chính (Sở Nội vụ TP Hà Nội), VN-2000 → WGS84", "fit_rms_m": 4.8, "method": "pink", "scale": null, "hq": [105.750107, 21.083536]}, "geometry": {"type": "Polygon", "coordinates": [[[105.726101, 21.099103], [105.72523, 21.097154], [105.72505, 21.096986], [105.724799, 21.09692], [105.724762, 21.096718], [105.725904, 21.095602], [105.726118, 21.095164], [105.726581, 21.094488], [105.726758, 21.094084], [105.726757, 21.093814], [105.726575, 21.093377], [105.726323, 21.093177], [105.725964, 21.093111], [105.72582, 21.092909], [105.725886, 21.091865], [105.725668, 21.091159], [105.725627, 21.09015], [105.725554, 21.089881], [105.725549, 21.088938], [105.725727, 21.088702], [105.726014, 21.088633], [105.726264, 21.088363], [105.726622, 21.088294], [105.726837, 21.088125], [105.726762, 21.087485], [105.726795, 21.08698], [105.726687, 21.086779], [105.726649, 21.086341], [105.726467, 21.085938], [105.726464, 21.085298], [105.726642, 21.085028], [105.726964, 21.084892], [105.727751, 21.08435], [105.727784, 21.083879], [105.727856, 21.083744], [105.727852, 21.082969], [105.728101, 21.082598], [105.731352, 21.079958], [105.732067, 21.07945], [105.732281, 21.079214], [105.733068, 21.078638], [105.733353, 21.078334], [105.734068, 21.077826], [105.734425, 21.077454], [105.734639, 21.077352], [105.734925, 21.077048], [105.73564, 21.07654], [105.739105, 21.073663], [105.739248, 21.073629], [105.739462, 21.073392], [105.739785, 21.073323], [105.740107, 21.073154], [105.740501, 21.073051], [105.740822, 21.072848], [105.741181, 21.072779], [105.741359, 21.072643], [105.741718, 21.072574], [105.74204, 21.072405], [105.742434, 21.072302], [105.742612, 21.072166], [105.743651, 21.071825], [105.744008, 21.071622], [105.744331, 21.071553], [105.745082, 21.071213], [105.746121, 21.070872], [105.746335, 21.070736], [105.748018, 21.070123], [105.748376, 21.069919], [105.749235, 21.069646], [105.749593, 21.069443], [105.749951, 21.069374], [105.75013, 21.069238], [105.750488, 21.069169], [105.751383, 21.068761], [105.752421, 21.06842], [105.7526, 21.068285], [105.753495, 21.068011], [105.754139, 21.067672], [105.754497, 21.067603], [105.754891, 21.067399], [105.755929, 21.067092], [105.756251, 21.066922], [105.757039, 21.066716], [105.757397, 21.066513], [105.757862, 21.066376], [105.758578, 21.066036], [105.759509, 21.065763], [105.75976, 21.065829], [105.759798, 21.066064], [105.759942, 21.066198], [105.760409, 21.066365], [105.760553, 21.066499], [105.760593, 21.067306], [105.760737, 21.06744], [105.761024, 21.067506], [105.761205, 21.067674], [105.761206, 21.068044], [105.760994, 21.068584], [105.760997, 21.069089], [105.761105, 21.069257], [105.761107, 21.069694], [105.761432, 21.070029], [105.761401, 21.071073], [105.761545, 21.071207], [105.761832, 21.07124], [105.762513, 21.071068], [105.762764, 21.071134], [105.762873, 21.071302], [105.763161, 21.071503], [105.768469, 21.071479], [105.768648, 21.071411], [105.768899, 21.071477], [105.769186, 21.071476], [105.769365, 21.071408], [105.770083, 21.071404], [105.77037, 21.07147], [105.770549, 21.071402], [105.771589, 21.071398], [105.771912, 21.071531], [105.772021, 21.071732], [105.771855, 21.074258], [105.771893, 21.074628], [105.771822, 21.07483], [105.771824, 21.075302], [105.771753, 21.075403], [105.771792, 21.075975], [105.771721, 21.076076], [105.771759, 21.076514], [105.771688, 21.076615], [105.771727, 21.077255], [105.771661, 21.078433], [105.77159, 21.078635], [105.77156, 21.079747], [105.771489, 21.079848], [105.771495, 21.080992], [105.771424, 21.081094], [105.771428, 21.082003], [105.771358, 21.08234], [105.771361, 21.082912], [105.77129, 21.083013], [105.771296, 21.084192], [105.771228, 21.084865], [105.771157, 21.084966], [105.771195, 21.085471], [105.771163, 21.086077], [105.771091, 21.086179], [105.770895, 21.089883], [105.770971, 21.090758], [105.771152, 21.091026], [105.771154, 21.091295], [105.771371, 21.091631], [105.771408, 21.091934], [105.771553, 21.092135], [105.771554, 21.092506], [105.771699, 21.092808], [105.771702, 21.093212], [105.77181, 21.093413], [105.771849, 21.093884], [105.771957, 21.094052], [105.771959, 21.094456], [105.772068, 21.094658], [105.77207, 21.094994], [105.772215, 21.09533], [105.772217, 21.095734], [105.772325, 21.095902], [105.772364, 21.096373], [105.772472, 21.096541], [105.772474, 21.096945], [105.772583, 21.097147], [105.772584, 21.097416], [105.772693, 21.097584], [105.772733, 21.098358], [105.772554, 21.098594], [105.771981, 21.098698], [105.77173, 21.098632], [105.771335, 21.098735], [105.770295, 21.098706], [105.769973, 21.098808], [105.769434, 21.098777], [105.769255, 21.098845], [105.76757, 21.09892], [105.767355, 21.098988], [105.767103, 21.098922], [105.766638, 21.099059], [105.766422, 21.098992], [105.765741, 21.098996], [105.765418, 21.099064], [105.764951, 21.098999], [105.764522, 21.099169], [105.764198, 21.09907], [105.763912, 21.099138], [105.763516, 21.099006], [105.762871, 21.099008], [105.762405, 21.099179], [105.761974, 21.099013], [105.761723, 21.099081], [105.761328, 21.099015], [105.761006, 21.099051], [105.760826, 21.098984], [105.760503, 21.099019], [105.760323, 21.098953], [105.758997, 21.099026], [105.758243, 21.098928], [105.757741, 21.098998], [105.757417, 21.098898], [105.755839, 21.098973], [105.755408, 21.098874], [105.754978, 21.098943], [105.754583, 21.098844], [105.754404, 21.098912], [105.754224, 21.098845], [105.753866, 21.098847], [105.753687, 21.098915], [105.752969, 21.098918], [105.752503, 21.098853], [105.752108, 21.098888], [105.751498, 21.09879], [105.750924, 21.09886], [105.750567, 21.099131], [105.750316, 21.099199], [105.750136, 21.099166], [105.749348, 21.099405], [105.749241, 21.099507], [105.748955, 21.099575], [105.748776, 21.099745], [105.748741, 21.099846], [105.748384, 21.10015], [105.748313, 21.100386], [105.747956, 21.100657], [105.747885, 21.100859], [105.747492, 21.101232], [105.747314, 21.101535], [105.746636, 21.102178], [105.746173, 21.10282], [105.745423, 21.103563], [105.745352, 21.103766], [105.745031, 21.104037], [105.744889, 21.104306], [105.744496, 21.104779], [105.744103, 21.105084], [105.744033, 21.105287], [105.743711, 21.105557], [105.743569, 21.105827], [105.743283, 21.106064], [105.743212, 21.106266], [105.742356, 21.107179], [105.742178, 21.107449], [105.741678, 21.10799], [105.741427, 21.108058], [105.741104, 21.107959], [105.740563, 21.107456], [105.740132, 21.107256], [105.739519, 21.106687], [105.739088, 21.106486], [105.738871, 21.106252], [105.737828, 21.105583], [105.737287, 21.10508], [105.737107, 21.105014], [105.736819, 21.104746], [105.736603, 21.104679], [105.736315, 21.104378], [105.736027, 21.104278], [105.735739, 21.103976], [105.735487, 21.103876], [105.735199, 21.103574], [105.734983, 21.103474], [105.734659, 21.103173], [105.734335, 21.10304], [105.733543, 21.10237], [105.73268, 21.101936], [105.732177, 21.10177], [105.731098, 21.101202], [105.730773, 21.100867], [105.730665, 21.100834], [105.729984, 21.101005], [105.729733, 21.100939], [105.729516, 21.100502], [105.72901, 21.099898], [105.728867, 21.099865], [105.728688, 21.099933], [105.728436, 21.099867], [105.7275, 21.099029], [105.72732, 21.098996], [105.726424, 21.099236], [105.726101, 21.099103]]]}}, {"type": "Feature", "properties": {"slug": "tu-liem", "name": "Phường Từ Liêm", "short": "Từ Liêm", "type": "phuong", "area_km2": 10.24, "source": "Số hoá từ Bản đồ phương án thành lập đơn vị hành chính (Sở Nội vụ TP Hà Nội), VN-2000 → WGS84", "fit_rms_m": 0.1, "method": "pink", "scale": null, "hq": [105.765599, 21.039926]}, "geometry": {"type": "Polygon", "coordinates": [[[105.761407, 21.041748], [105.761184, 21.041567], [105.761128, 21.041463], [105.761127, 21.041229], [105.760932, 21.040996], [105.760903, 21.040736], [105.760792, 21.040607], [105.760707, 21.040373], [105.76029, 21.039933], [105.760095, 21.03983], [105.759928, 21.039623], [105.7594, 21.039339], [105.759039, 21.039028], [105.7589, 21.038977], [105.758538, 21.038615], [105.758481, 21.038381], [105.758314, 21.038148], [105.758313, 21.03794], [105.758229, 21.037706], [105.758228, 21.03755], [105.75831, 21.03742], [105.758281, 21.03703], [105.758363, 21.036899], [105.758362, 21.036587], [105.758472, 21.036431], [105.75847, 21.036119], [105.75858, 21.035962], [105.758578, 21.035598], [105.758633, 21.03552], [105.758603, 21.03513], [105.758658, 21.035052], [105.758656, 21.03461], [105.758711, 21.034532], [105.758737, 21.034115], [105.758792, 21.034037], [105.758817, 21.033517], [105.758671, 21.032036], [105.758587, 21.031802], [105.758612, 21.031412], [105.758557, 21.031334], [105.758553, 21.03058], [105.758302, 21.030269], [105.758024, 21.030062], [105.757968, 21.029881], [105.757662, 21.029648], [105.757605, 21.029466], [105.757327, 21.029233], [105.757299, 21.029156], [105.75677, 21.028638], [105.756604, 21.028535], [105.756436, 21.028301], [105.756214, 21.028172], [105.756186, 21.028094], [105.755852, 21.02781], [105.75549, 21.027395], [105.755157, 21.027137], [105.7551, 21.026955], [105.754878, 21.026774], [105.754822, 21.026592], [105.754544, 21.026386], [105.754487, 21.026152], [105.75432, 21.025971], [105.754208, 21.025659], [105.754068, 21.025452], [105.754038, 21.024932], [105.754203, 21.024723], [105.754257, 21.024463], [105.754422, 21.024228], [105.754448, 21.023994], [105.754641, 21.023759], [105.75475, 21.023473], [105.754888, 21.023342], [105.754887, 21.02316], [105.754942, 21.023056], [105.755108, 21.022899], [105.755106, 21.022665], [105.755189, 21.022535], [105.755188, 21.022378], [105.755132, 21.022301], [105.755131, 21.022015], [105.754964, 21.021781], [105.754962, 21.021573], [105.754796, 21.021418], [105.75474, 21.021314], [105.754739, 21.021132], [105.754544, 21.020951], [105.754487, 21.020691], [105.754348, 21.020562], [105.754236, 21.020277], [105.754097, 21.020147], [105.754012, 21.019862], [105.753845, 21.019628], [105.753844, 21.01942], [105.753731, 21.019083], [105.75373, 21.018849], [105.753647, 21.018719], [105.753671, 21.018173], [105.753919, 21.017886], [105.754001, 21.017599], [105.754166, 21.017443], [105.754276, 21.017234], [105.754855, 21.016686], [105.75491, 21.016555], [105.75524, 21.016242], [105.755488, 21.015903], [105.755874, 21.015563], [105.755928, 21.015433], [105.756535, 21.014806], [105.756589, 21.014676], [105.756893, 21.01444], [105.756947, 21.014258], [105.757141, 21.014179], [105.757333, 21.013944], [105.757609, 21.013735], [105.757664, 21.013605], [105.757967, 21.01337], [105.758022, 21.013161], [105.758215, 21.013082], [105.758463, 21.012795], [105.758684, 21.012742], [105.759318, 21.012219], [105.759484, 21.012167], [105.759787, 21.011905], [105.759898, 21.011879], [105.760257, 21.011591], [105.760532, 21.011278], [105.760726, 21.011225], [105.760891, 21.011042], [105.761084, 21.010989], [105.761305, 21.01078], [105.761636, 21.010597], [105.762022, 21.010257], [105.762325, 21.009892], [105.762379, 21.009736], [105.762655, 21.009474], [105.762654, 21.00937], [105.762847, 21.009135], [105.762929, 21.008875], [105.763094, 21.00864], [105.763092, 21.008354], [105.763202, 21.008146], [105.7632, 21.007782], [105.763089, 21.007626], [105.763032, 21.007366], [105.762864, 21.007107], [105.762836, 21.006899], [105.762724, 21.006718], [105.762723, 21.006536], [105.762778, 21.006432], [105.762916, 21.006327], [105.763109, 21.006274], [105.76322, 21.0063], [105.765433, 21.005796], [105.765516, 21.005821], [105.766927, 21.005477], [105.767231, 21.005501], [105.768531, 21.005158], [105.768642, 21.005183], [105.769057, 21.005051], [105.769112, 21.005077], [105.769527, 21.004945], [105.769582, 21.004971], [105.770025, 21.004839], [105.77008, 21.004865], [105.773427, 21.004095], [105.77351, 21.004121], [105.773952, 21.003989], [105.774063, 21.004014], [105.774893, 21.003777], [105.775003, 21.003802], [105.775363, 21.003671], [105.776663, 21.003405], [105.776828, 21.0033], [105.777133, 21.00322], [105.77727, 21.00309], [105.777464, 21.003037], [105.777603, 21.003088], [105.777962, 21.003009], [105.778128, 21.003034], [105.778432, 21.002928], [105.778654, 21.002953], [105.779013, 21.002822], [105.77918, 21.002847], [105.779677, 21.002741], [105.779926, 21.002636], [105.780148, 21.002609], [105.78034, 21.002374], [105.780534, 21.002321], [105.781087, 21.002266], [105.782415, 21.002], [105.78319, 21.001945], [105.784186, 21.001784], [105.784463, 21.001835], [105.784574, 21.001938], [105.784741, 21.001989], [105.784851, 21.001963], [105.785212, 21.002039], [105.785378, 21.002013], [105.78607, 21.002087], [105.787373, 21.002393], [105.78776, 21.002262], [105.787954, 21.002313], [105.788066, 21.002468], [105.788372, 21.002701], [105.788566, 21.002804], [105.788732, 21.002829], [105.788844, 21.002933], [105.789538, 21.003241], [105.790705, 21.004042], [105.790843, 21.004093], [105.791149, 21.004352], [105.791316, 21.004403], [105.791871, 21.004739], [105.792038, 21.00492], [105.792343, 21.004996], [105.792455, 21.005152], [105.792456, 21.005386], [105.792401, 21.00549], [105.792098, 21.005726], [105.790695, 21.007526], [105.789485, 21.008962], [105.78943, 21.009092], [105.788219, 21.010528], [105.785165, 21.014364], [105.784587, 21.015017], [105.784203, 21.015565], [105.783707, 21.016113], [105.78324, 21.016765], [105.781919, 21.018331], [105.781864, 21.018462], [105.781313, 21.019088], [105.781204, 21.019297], [105.780983, 21.019506], [105.780598, 21.020054], [105.779993, 21.020758], [105.77969, 21.021176], [105.779498, 21.021567], [105.779445, 21.021853], [105.779335, 21.022036], [105.779171, 21.022478], [105.779117, 21.022791], [105.77898, 21.023051], [105.778764, 21.024144], [105.778826, 21.025366], [105.778999, 21.026665], [105.779597, 21.029965], [105.779828, 21.031602], [105.779912, 21.031836], [105.779942, 21.032329], [105.780026, 21.032563], [105.780655, 21.036304], [105.780685, 21.036668], [105.78063, 21.036773], [105.780381, 21.036878], [105.780242, 21.036826], [105.779467, 21.036856], [105.779024, 21.03678], [105.778331, 21.036783], [105.777944, 21.036915], [105.777889, 21.036889], [105.777004, 21.037127], [105.776284, 21.03726], [105.775925, 21.037392], [105.775842, 21.037366], [105.774459, 21.037763], [105.774127, 21.03792], [105.770975, 21.038819], [105.770007, 21.039161], [105.769869, 21.039162], [105.769122, 21.039425], [105.768873, 21.039452], [105.768624, 21.039583], [105.768458, 21.039584], [105.767988, 21.039716], [105.767574, 21.0399], [105.765665, 21.040429], [105.765472, 21.040534], [105.763785, 21.041035], [105.762541, 21.041509], [105.762071, 21.041615], [105.761822, 21.041746], [105.761601, 21.041799], [105.761407, 21.041748]]]}}, {"type": "Feature", "properties": {"slug": "tung-thien", "name": "Phường Tùng Thiện", "short": "Tùng Thiện", "type": "phuong", "area_km2": 33.03, "source": "Số hoá từ Bản đồ phương án thành lập đơn vị hành chính (Sở Nội vụ TP Hà Nội), VN-2000 → WGS84", "fit_rms_m": 28.8, "method": "pink", "scale": null, "hq": [105.475511, 21.125978]}, "geometry": {"type": "Polygon", "coordinates": [[[105.415044, 21.137969], [105.415185, 21.136251], [105.414744, 21.135496], [105.414816, 21.135083], [105.4154, 21.134532], [105.415913, 21.134393], [105.417012, 21.134528], [105.417745, 21.134457], [105.41811, 21.134113], [105.419203, 21.131842], [105.419641, 21.131566], [105.420593, 21.131426], [105.420886, 21.13115], [105.421467, 21.129637], [105.421979, 21.12936], [105.422858, 21.129221], [105.42315, 21.128945], [105.423219, 21.127501], [105.423657, 21.126882], [105.424096, 21.126743], [105.424389, 21.126467], [105.424529, 21.124405], [105.425255, 21.122135], [105.426719, 21.121581], [105.428035, 21.120685], [105.429279, 21.120338], [105.430305, 21.120266], [105.430816, 21.119922], [105.430815, 21.119578], [105.429786, 21.118343], [105.429638, 21.117656], [105.429417, 21.117313], [105.429415, 21.116695], [105.42978, 21.116075], [105.429628, 21.11422], [105.429407, 21.113808], [105.429476, 21.112295], [105.429693, 21.111539], [105.429691, 21.110508], [105.429836, 21.110232], [105.43064, 21.109612], [105.430634, 21.107412], [105.43012, 21.10707], [105.428288, 21.1068], [105.426676, 21.106391], [105.42565, 21.106325], [105.424696, 21.105846], [105.424695, 21.105228], [105.425207, 21.10502], [105.425499, 21.104745], [105.425644, 21.104194], [105.426375, 21.103711], [105.427107, 21.103572], [105.428133, 21.103913], [105.428938, 21.103705], [105.429525, 21.103841], [105.430404, 21.10377], [105.430916, 21.103494], [105.43245, 21.102115], [105.433328, 21.101769], [105.433912, 21.101218], [105.434424, 21.101079], [105.435817, 21.101419], [105.436771, 21.101967], [105.43743, 21.102102], [105.439412, 21.103403], [105.439924, 21.103058], [105.439995, 21.102439], [105.440579, 21.101957], [105.440945, 21.101887], [105.441384, 21.101474], [105.441527, 21.100511], [105.441818, 21.099823], [105.442403, 21.099271], [105.442915, 21.099133], [105.443795, 21.099474], [105.446437, 21.101117], [105.447829, 21.101388], [105.448342, 21.101318], [105.448706, 21.100836], [105.450021, 21.099732], [105.450827, 21.099593], [105.451706, 21.099797], [105.452145, 21.099658], [105.452878, 21.099862], [105.453245, 21.100136], [105.454491, 21.100202], [105.456177, 21.100678], [105.457131, 21.101432], [105.457498, 21.101568], [105.45977, 21.101906], [105.460137, 21.10218], [105.460505, 21.102797], [105.461092, 21.103208], [105.46241, 21.103205], [105.462776, 21.103066], [105.463436, 21.103202], [105.469369, 21.103185], [105.46988, 21.10284], [105.469581, 21.10071], [105.4698, 21.100504], [105.470239, 21.100434], [105.470606, 21.10057], [105.47068, 21.100982], [105.471782, 21.10201], [105.47193, 21.102422], [105.472738, 21.103176], [105.473031, 21.103244], [105.474787, 21.102552], [105.475227, 21.102688], [105.475375, 21.1031], [105.475232, 21.104269], [105.475893, 21.104817], [105.47604, 21.10516], [105.476775, 21.105708], [105.477727, 21.105705], [105.478238, 21.105085], [105.479335, 21.10467], [105.479921, 21.104668], [105.480579, 21.10446], [105.482999, 21.105278], [105.483659, 21.105345], [105.48417, 21.105], [105.484313, 21.103831], [105.484677, 21.103211], [105.485775, 21.103071], [105.486213, 21.102657], [105.486945, 21.10238], [105.487383, 21.101966], [105.487378, 21.100317], [105.487009, 21.099562], [105.487007, 21.098805], [105.487225, 21.098324], [105.487223, 21.097911], [105.486929, 21.0975], [105.486928, 21.097087], [105.487146, 21.096743], [105.487144, 21.096056], [105.487363, 21.095711], [105.487431, 21.094199], [105.487869, 21.093648], [105.488381, 21.093509], [105.490652, 21.093777], [105.491827, 21.094667], [105.492485, 21.094322], [105.492925, 21.094321], [105.493145, 21.094526], [105.49322, 21.095145], [105.493808, 21.095555], [105.494393, 21.095554], [105.495491, 21.095207], [105.496077, 21.095342], [105.496372, 21.095754], [105.496373, 21.096029], [105.497621, 21.097125], [105.49777, 21.097674], [105.498651, 21.098359], [105.499018, 21.098496], [105.500116, 21.098355], [105.501069, 21.098764], [105.501801, 21.098625], [105.502461, 21.09876], [105.502902, 21.099309], [105.502904, 21.099721], [105.503197, 21.099995], [105.503491, 21.100063], [105.505328, 21.101776], [105.505549, 21.102188], [105.505551, 21.102806], [105.50614, 21.103698], [105.506142, 21.104248], [105.505485, 21.105006], [105.505486, 21.105419], [105.505708, 21.105899], [105.505712, 21.107136], [105.50542, 21.107412], [105.504908, 21.107551], [105.503296, 21.107625], [105.50242, 21.108452], [105.502498, 21.109689], [105.502206, 21.11024], [105.501476, 21.110723], [105.50148, 21.112098], [105.500678, 21.113062], [105.500679, 21.113406], [105.500973, 21.11368], [105.501486, 21.113816], [105.502515, 21.114913], [105.502517, 21.115463], [105.502079, 21.115945], [105.502082, 21.11677], [105.502816, 21.117317], [105.502965, 21.118004], [105.502381, 21.118625], [105.501869, 21.118764], [105.500842, 21.118354], [105.500622, 21.118424], [105.499893, 21.119251], [105.49938, 21.11939], [105.498867, 21.119254], [105.497249, 21.117265], [105.497321, 21.116853], [105.497759, 21.116508], [105.497758, 21.116095], [105.497316, 21.115478], [105.497458, 21.113965], [105.496944, 21.113623], [105.495772, 21.113627], [105.49548, 21.113902], [105.495413, 21.115965], [105.495049, 21.116516], [105.494977, 21.116928], [105.491988, 21.121198], [105.49068, 21.124501], [105.490024, 21.125534], [105.488856, 21.126844], [105.488638, 21.127325], [105.486376, 21.130013], [105.485282, 21.131528], [105.484481, 21.132973], [105.483969, 21.133181], [105.482502, 21.132704], [105.481769, 21.132638], [105.481182, 21.132296], [105.480302, 21.132092], [105.477445, 21.1321], [105.476786, 21.132239], [105.474591, 21.133001], [105.463031, 21.137845], [105.461201, 21.138331], [105.460102, 21.138403], [105.459591, 21.139023], [105.459668, 21.140191], [105.459457, 21.143078], [105.459093, 21.143904], [105.458655, 21.144249], [105.457922, 21.144388], [105.457409, 21.144252], [105.456822, 21.143842], [105.456602, 21.143911], [105.455872, 21.144738], [105.453969, 21.145499], [105.452871, 21.145571], [105.452357, 21.145434], [105.451916, 21.144886], [105.451914, 21.144267], [105.45162, 21.143993], [105.451254, 21.143925], [105.45052, 21.143446], [105.449276, 21.144205], [105.449277, 21.144549], [105.449792, 21.145235], [105.449794, 21.145716], [105.449284, 21.14668], [105.449065, 21.146887], [105.448552, 21.147025], [105.446866, 21.146755], [105.4465, 21.146825], [105.446135, 21.147169], [105.446138, 21.148132], [105.445846, 21.148545], [105.444821, 21.148754], [105.443868, 21.14855], [105.442624, 21.149034], [105.441303, 21.148557], [105.440791, 21.148627], [105.440207, 21.149316], [105.439694, 21.149454], [105.439034, 21.149319], [105.438228, 21.149389], [105.437862, 21.149253], [105.437203, 21.149461], [105.436617, 21.149462], [105.436251, 21.149601], [105.435739, 21.150083], [105.435594, 21.150427], [105.434864, 21.151254], [105.433912, 21.151531], [105.432812, 21.151259], [105.431785, 21.150712], [105.429801, 21.148861], [105.429508, 21.148793], [105.428993, 21.148176], [105.4287, 21.148108], [105.427819, 21.147423], [105.425838, 21.146603], [105.424884, 21.145987], [105.423564, 21.145578], [105.422388, 21.144206], [105.421068, 21.143866], [105.420117, 21.144555], [105.419898, 21.144625], [105.419531, 21.144488], [105.418723, 21.143734], [105.418355, 21.143047], [105.418133, 21.142223], [105.41813, 21.141192], [105.417688, 21.1403], [105.417687, 21.139887], [105.415338, 21.138381], [105.415044, 21.137969]]]}}, {"type": "Feature", "properties": {"slug": "tuong-mai", "name": "Phường Tương Mai", "short": "Tương Mai", "type": "phuong", "area_km2": 3.65, "source": "Số hoá từ Bản đồ phương án thành lập đơn vị hành chính (Sở Nội vụ TP Hà Nội), VN-2000 → WGS84", "fit_rms_m": 0.0, "method": "pink", "scale": null}, "geometry": {"type": "Polygon", "coordinates": [[[105.841041, 20.997675], [105.840888, 20.983801], [105.840988, 20.983658], [105.841165, 20.98361], [105.847351, 20.983579], [105.84821, 20.983599], [105.848337, 20.983645], [105.848842, 20.983643], [105.849069, 20.983594], [105.849195, 20.983641], [105.852049, 20.983603], [105.853438, 20.98362], [105.853564, 20.983667], [105.853766, 20.983618], [105.853892, 20.983665], [105.857705, 20.983622], [105.857933, 20.983692], [105.858059, 20.983644], [105.858312, 20.983643], [105.858438, 20.98369], [105.858564, 20.983642], [105.858741, 20.983688], [105.862125, 20.983647], [105.863463, 20.983664], [105.86359, 20.983711], [105.863792, 20.983663], [105.870458, 20.983629], [105.870584, 20.983581], [105.871922, 20.983574], [105.872048, 20.983526], [105.874674, 20.983489], [105.874852, 20.983535], [105.875255, 20.983509], [105.875407, 20.983603], [105.875383, 20.983746], [105.87503, 20.983842], [105.874854, 20.983986], [105.874627, 20.984034], [105.873846, 20.98437], [105.873619, 20.984419], [105.873494, 20.984514], [105.872989, 20.984659], [105.872889, 20.984731], [105.871981, 20.985044], [105.870772, 20.985572], [105.870169, 20.986002], [105.869992, 20.986074], [105.869741, 20.986289], [105.86964, 20.986313], [105.86876, 20.98691], [105.868307, 20.98715], [105.867174, 20.987867], [105.866798, 20.988225], [105.86617, 20.988916], [105.865517, 20.989512], [105.864463, 20.990656], [105.863283, 20.9918], [105.862831, 20.992324], [105.862833, 20.992632], [105.862783, 20.992704], [105.862784, 20.992965], [105.862734, 20.993036], [105.862713, 20.993677], [105.862639, 20.994033], [105.862641, 20.994341], [105.862591, 20.994436], [105.862425, 20.996334], [105.862325, 20.996477], [105.862148, 20.996525], [105.861946, 20.996503], [105.860984, 20.996152], [105.858404, 20.995335], [105.857595, 20.995291], [105.857469, 20.995245], [105.856888, 20.995248], [105.856762, 20.995296], [105.856408, 20.995297], [105.855828, 20.995395], [105.855373, 20.995398], [105.855247, 20.995446], [105.853455, 20.995597], [105.853329, 20.995645], [105.852521, 20.995696], [105.852395, 20.995744], [105.85189, 20.995747], [105.851461, 20.995844], [105.851133, 20.995846], [105.850629, 20.995943], [105.850275, 20.995945], [105.849821, 20.996042], [105.849518, 20.996043], [105.849392, 20.996092], [105.848407, 20.996191], [105.847197, 20.996434], [105.845884, 20.996631], [105.841345, 20.997863], [105.841143, 20.997816], [105.841041, 20.997675]]]}}, {"type": "Feature", "properties": {"slug": "viet-hung", "name": "Phường Việt Hưng", "short": "Việt Hưng", "type": "phuong", "area_km2": 13.13, "source": "Số hoá từ Bản đồ phương án thành lập đơn vị hành chính (Sở Nội vụ TP Hà Nội), VN-2000 → WGS84", "fit_rms_m": 0.4, "method": "pink", "scale": null, "hq": [105.901814, 21.062747]}, "geometry": {"type": "Polygon", "coordinates": [[[105.877902, 21.071276], [105.877901, 21.071], [105.879321, 21.069055], [105.88028, 21.06739], [105.880775, 21.065728], [105.881149, 21.064856], [105.881355, 21.064025], [105.881687, 21.063193], [105.881686, 21.062996], [105.882224, 21.06153], [105.882306, 21.061095], [105.882846, 21.059906], [105.883306, 21.059311], [105.883431, 21.059034], [105.884142, 21.05824], [105.888164, 21.054819], [105.888247, 21.054582], [105.888749, 21.054065], [105.889208, 21.053312], [105.891088, 21.050812], [105.891588, 21.049979], [105.891923, 21.049661], [105.892005, 21.049345], [105.893674, 21.046767], [105.894007, 21.046093], [105.894216, 21.045855], [105.89451, 21.045774], [105.895016, 21.045929], [105.897002, 21.047026], [105.89734, 21.047301], [105.898607, 21.047926], [105.898946, 21.048201], [105.900171, 21.048827], [105.900889, 21.049298], [105.903676, 21.050627], [105.904775, 21.051253], [105.909885, 21.053756], [105.910476, 21.054108], [105.910983, 21.054303], [105.912715, 21.055243], [105.913348, 21.055476], [105.914447, 21.056103], [105.914953, 21.056258], [105.915291, 21.056494], [105.916643, 21.057119], [105.917826, 21.057784], [105.918036, 21.057823], [105.91833, 21.057623], [105.918618, 21.056594], [105.918868, 21.056158], [105.919412, 21.055523], [105.920126, 21.055203], [105.920547, 21.0552], [105.921011, 21.055356], [105.921347, 21.055315], [105.92164, 21.054957], [105.922097, 21.054006], [105.922725, 21.053291], [105.923061, 21.05321], [105.923356, 21.053288], [105.923568, 21.053484], [105.924032, 21.05364], [105.924201, 21.053797], [105.92475, 21.053992], [105.928045, 21.055713], [105.930705, 21.056963], [105.931171, 21.057277], [105.932226, 21.057745], [105.932438, 21.058021], [105.93244, 21.058258], [105.932273, 21.058496], [105.932275, 21.058773], [105.932066, 21.05909], [105.932068, 21.059367], [105.931568, 21.0602], [105.931569, 21.060397], [105.931069, 21.06123], [105.93082, 21.061903], [105.93057, 21.06226], [105.930571, 21.062458], [105.93032, 21.062776], [105.93028, 21.063013], [105.930071, 21.063291], [105.930072, 21.063449], [105.929822, 21.063806], [105.929823, 21.063964], [105.929531, 21.064401], [105.929532, 21.064559], [105.929239, 21.064956], [105.929157, 21.065233], [105.928989, 21.065392], [105.928907, 21.065787], [105.928406, 21.066423], [105.928365, 21.06662], [105.928115, 21.066938], [105.927741, 21.06777], [105.927573, 21.067929], [105.926907, 21.069158], [105.926656, 21.069397], [105.926573, 21.069634], [105.926196, 21.069952], [105.926113, 21.070151], [105.925778, 21.070429], [105.925695, 21.070627], [105.924942, 21.071382], [105.924775, 21.07166], [105.923311, 21.073328], [105.923101, 21.073408], [105.922766, 21.073687], [105.922472, 21.073767], [105.921969, 21.074165], [105.920961, 21.074645], [105.920207, 21.075202], [105.919828, 21.075323], [105.919073, 21.075802], [105.918484, 21.075884], [105.917685, 21.076125], [105.917559, 21.076086], [105.916971, 21.076287], [105.916802, 21.076249], [105.915415, 21.076651], [105.91512, 21.076653], [105.914069, 21.076935], [105.913858, 21.076897], [105.912975, 21.077099], [105.912848, 21.07706], [105.912218, 21.077261], [105.911671, 21.077343], [105.911502, 21.077305], [105.910619, 21.077507], [105.910408, 21.077469], [105.90982, 21.07767], [105.908936, 21.077753], [105.908431, 21.077914], [105.907968, 21.077877], [105.90759, 21.077998], [105.907253, 21.07796], [105.906159, 21.078243], [105.90578, 21.078245], [105.90557, 21.078325], [105.905359, 21.078286], [105.903929, 21.078571], [105.903761, 21.078532], [105.903172, 21.078733], [105.903004, 21.078694], [105.901826, 21.078977], [105.900607, 21.079418], [105.898968, 21.079862], [105.898715, 21.079824], [105.898042, 21.079985], [105.897789, 21.079908], [105.897284, 21.079989], [105.896567, 21.079835], [105.896188, 21.079877], [105.895808, 21.07976], [105.895556, 21.079801], [105.895345, 21.079723], [105.894713, 21.079687], [105.891255, 21.078835], [105.89041, 21.078484], [105.889524, 21.078251], [105.88906, 21.077977], [105.888385, 21.077783], [105.888047, 21.077587], [105.887625, 21.077471], [105.887498, 21.077353], [105.886654, 21.077081], [105.886484, 21.076923], [105.886105, 21.076807], [105.885935, 21.07665], [105.885556, 21.076533], [105.885217, 21.076298], [105.885007, 21.076259], [105.884752, 21.076023], [105.884415, 21.075907], [105.884203, 21.07571], [105.88357, 21.075397], [105.883231, 21.075083], [105.882935, 21.074966], [105.882766, 21.074808], [105.882471, 21.074731], [105.882174, 21.074377], [105.881751, 21.074063], [105.881455, 21.073946], [105.881201, 21.07367], [105.880609, 21.073318], [105.880228, 21.072964], [105.88006, 21.072925], [105.878791, 21.071944], [105.878622, 21.071905], [105.878325, 21.07163], [105.878157, 21.071591], [105.877902, 21.071276]]]}}, {"type": "Feature", "properties": {"slug": "vinh-hung", "name": "Phường Vĩnh Hưng", "short": "Vĩnh Hưng", "type": "phuong", "area_km2": 4.55, "source": "Số hoá từ Bản đồ phương án thành lập đơn vị hành chính (Sở Nội vụ TP Hà Nội), VN-2000 → WGS84", "fit_rms_m": 12.6, "method": "pink", "scale": null}, "geometry": {"type": "Polygon", "coordinates": [[[105.8736, 21.002475], [105.871848, 21.00077], [105.871653, 21.000512], [105.871652, 21.00033], [105.871789, 21.000096], [105.872311, 20.999574], [105.872393, 20.999417], [105.872805, 20.998974], [105.873433, 20.997517], [105.873509, 20.996349], [105.873563, 20.996218], [105.873562, 20.996011], [105.873617, 20.995933], [105.873578, 20.994038], [105.873435, 20.993156], [105.873379, 20.993052], [105.873378, 20.992845], [105.873071, 20.992301], [105.872651, 20.991395], [105.872622, 20.991213], [105.872399, 20.990851], [105.871951, 20.989841], [105.870699, 20.988471], [105.869975, 20.987592], [105.869503, 20.987179], [105.868726, 20.986742], [105.86867, 20.986638], [105.868724, 20.986378], [105.869082, 20.986169], [105.86933, 20.985934], [105.869715, 20.985724], [105.870073, 20.985437], [105.870597, 20.985227], [105.87079, 20.985096], [105.871314, 20.984911], [105.871589, 20.984754], [105.872279, 20.984543], [105.872417, 20.984439], [105.873382, 20.984122], [105.874044, 20.983807], [105.874486, 20.983701], [105.874982, 20.983465], [105.875451, 20.983333], [105.877961, 20.982385], [105.878181, 20.982254], [105.87854, 20.982175], [105.878898, 20.982017], [105.879008, 20.981913], [105.880194, 20.981491], [105.880856, 20.981202], [105.880938, 20.981124], [105.881187, 20.981071], [105.881435, 20.980913], [105.882317, 20.980597], [105.882538, 20.980441], [105.882924, 20.980335], [105.883282, 20.980151], [105.883558, 20.980072], [105.883807, 20.980096], [105.884083, 20.980017], [105.884166, 20.980043], [105.884414, 20.979964], [105.88458, 20.979989], [105.884829, 20.979909], [105.885022, 20.979934], [105.885271, 20.979855], [105.885354, 20.979881], [105.887066, 20.979586], [105.887204, 20.979612], [105.887811, 20.979479], [105.88806, 20.979503], [105.888916, 20.979317], [105.889248, 20.979367], [105.895008, 20.985853], [105.895009, 20.986009], [105.894819, 20.986503], [105.894709, 20.986659], [105.894655, 20.986971], [105.894464, 20.987361], [105.894275, 20.988011], [105.894111, 20.988324], [105.894112, 20.98848], [105.893839, 20.989104], [105.893813, 20.989312], [105.89354, 20.989988], [105.893541, 20.990118], [105.893322, 20.990483], [105.89313, 20.990665], [105.892883, 20.991108], [105.892691, 20.991291], [105.892582, 20.991551], [105.892198, 20.992072], [105.892116, 20.99228], [105.892064, 20.992826], [105.892371, 20.993213], [105.892414, 20.995887], [105.892004, 20.996616], [105.891839, 20.996773], [105.891508, 20.996904], [105.891343, 20.997035], [105.891177, 20.997062], [105.888255, 20.998401], [105.887924, 20.998506], [105.887676, 20.998689], [105.886821, 20.999083], [105.885281, 21.000441], [105.885061, 21.000572], [105.884757, 21.0006], [105.884343, 21.000758], [105.882936, 21.001128], [105.882687, 21.00113], [105.882108, 21.00134], [105.881859, 21.001342], [105.881582, 21.001239], [105.881388, 21.00124], [105.881139, 21.001164], [105.881084, 21.00119], [105.880668, 21.001062], [105.880447, 21.001063], [105.880309, 21.001012], [105.880115, 21.001039], [105.879866, 21.000963], [105.8797, 21.000989], [105.879064, 21.000863], [105.878209, 21.001257], [105.878072, 21.001387], [105.877438, 21.001676], [105.877052, 21.001938], [105.876611, 21.002122], [105.876003, 21.002255], [105.875672, 21.00223], [105.875175, 21.002363], [105.874953, 21.002338], [105.874705, 21.002417], [105.874567, 21.002392], [105.874291, 21.002471], [105.874152, 21.002446], [105.873904, 21.002525], [105.8736, 21.002475]]]}}, {"type": "Feature", "properties": {"slug": "vinh-tuy", "name": "Phường Vĩnh Tuy", "short": "Vĩnh Tuy", "type": "phuong", "area_km2": 2.35, "source": "Số hoá từ Bản đồ phương án thành lập đơn vị hành chính (Sở Nội vụ TP Hà Nội), VN-2000 → WGS84", "fit_rms_m": 0.6, "method": "pink", "scale": null, "hq": [105.865152, 20.990886]}, "geometry": {"type": "Polygon", "coordinates": [[[105.860719, 21.009102], [105.860635, 21.008986], [105.860593, 21.008843], [105.86059, 21.008349], [105.860616, 21.008037], [105.860643, 21.007985], [105.860683, 21.007581], [105.860737, 21.007464], [105.860793, 21.007412], [105.86082, 21.00732], [105.860916, 21.007229], [105.860916, 21.007151], [105.86097, 21.007047], [105.860969, 21.006852], [105.86101, 21.006786], [105.860996, 21.006617], [105.861023, 21.006578], [105.861048, 21.006149], [105.861076, 21.006084], [105.861074, 21.005863], [105.861102, 21.005824], [105.861101, 21.005629], [105.861128, 21.005563], [105.861127, 21.005394], [105.861155, 21.005355], [105.861153, 21.005147], [105.861181, 21.005108], [105.86118, 21.0049], [105.861207, 21.004861], [105.861232, 21.004367], [105.861259, 21.004314], [105.861259, 21.004171], [105.861286, 21.004132], [105.861285, 21.003911], [105.861312, 21.003872], [105.861311, 21.003677], [105.861339, 21.003638], [105.86135, 21.003274], [105.861377, 21.003053], [105.861404, 21.003013], [105.861456, 21.002324], [105.861483, 21.002285], [105.861468, 21.00209], [105.861496, 21.002051], [105.861521, 21.001647], [105.861562, 21.001543], [105.861547, 21.001361], [105.861575, 21.001322], [105.861573, 21.001114], [105.861601, 21.001075], [105.8616, 21.000893], [105.861653, 21.000594], [105.861652, 21.000398], [105.86168, 21.000346], [105.861758, 20.999423], [105.861785, 20.999371], [105.861784, 20.999149], [105.861825, 20.999084], [105.861823, 20.998837], [105.861851, 20.998785], [105.86185, 20.998603], [105.86189, 20.998447], [105.861915, 20.997913], [105.861969, 20.997627], [105.861968, 20.997419], [105.862022, 20.997276], [105.862086, 20.996404], [105.862128, 20.996339], [105.862126, 20.996053], [105.862167, 20.995975], [105.862152, 20.995819], [105.862193, 20.995676], [105.862219, 20.995337], [105.86226, 20.995272], [105.862258, 20.994921], [105.862285, 20.994882], [105.862312, 20.994622], [105.862339, 20.994582], [105.862324, 20.994361], [105.862351, 20.994322], [105.86235, 20.994153], [105.862405, 20.994062], [105.86239, 20.993854], [105.862431, 20.993789], [105.862417, 20.993646], [105.862458, 20.993568], [105.862429, 20.993373], [105.86247, 20.993307], [105.862469, 20.993125], [105.86251, 20.993047], [105.862509, 20.992839], [105.86255, 20.992748], [105.862603, 20.992319], [105.862795, 20.992045], [105.863594, 20.991273], [105.863607, 20.991234], [105.864847, 20.989993], [105.865232, 20.989561], [105.865879, 20.988921], [105.865892, 20.988882], [105.866595, 20.988189], [105.866691, 20.988059], [105.866966, 20.98781], [105.867132, 20.987731], [105.867242, 20.987627], [105.867325, 20.9876], [105.867656, 20.987365], [105.86778, 20.987312], [105.867863, 20.987234], [105.868001, 20.987181], [105.868097, 20.987089], [105.868236, 20.987037], [105.868318, 20.986958], [105.86865, 20.986787], [105.868732, 20.986709], [105.86887, 20.986669], [105.869078, 20.98672], [105.869148, 20.986785], [105.869314, 20.986836], [105.869398, 20.986914], [105.869523, 20.986939], [105.869843, 20.987171], [105.869981, 20.98721], [105.870037, 20.9873], [105.870204, 20.987417], [105.870218, 20.987456], [105.870385, 20.987611], [105.870413, 20.987676], [105.870524, 20.987766], [105.870552, 20.987831], [105.870706, 20.987973], [105.870734, 20.988038], [105.870873, 20.988167], [105.870901, 20.988232], [105.87104, 20.988349], [105.871068, 20.988413], [105.871207, 20.988517], [105.871235, 20.988595], [105.871375, 20.988711], [105.871403, 20.988789], [105.871542, 20.988905], [105.871584, 20.988996], [105.871709, 20.989086], [105.871737, 20.989164], [105.871835, 20.989242], [105.871904, 20.989358], [105.872016, 20.989449], [105.872072, 20.98954], [105.87235, 20.989837], [105.872407, 20.990019], [105.872476, 20.99011], [105.872491, 20.990214], [105.872575, 20.99033], [105.872589, 20.990421], [105.872785, 20.990784], [105.872799, 20.990888], [105.872911, 20.991031], [105.872912, 20.991122], [105.872967, 20.991186], [105.87301, 20.991342], [105.873108, 20.991485], [105.873108, 20.991563], [105.873192, 20.991653], [105.87322, 20.991783], [105.873304, 20.991887], [105.873304, 20.991978], [105.873416, 20.992146], [105.873417, 20.992237], [105.873514, 20.99238], [105.873529, 20.992471], [105.873612, 20.992575], [105.873725, 20.992834], [105.873725, 20.992964], [105.873795, 20.993068], [105.87381, 20.993302], [105.873866, 20.993405], [105.873897, 20.993834], [105.873939, 20.993912], [105.873985, 20.994809], [105.873975, 20.995407], [105.874004, 20.99555], [105.873991, 20.995771], [105.873964, 20.995811], [105.873965, 20.996006], [105.873937, 20.996045], [105.873898, 20.996383], [105.873886, 20.996721], [105.873845, 20.996851], [105.87382, 20.997281], [105.873792, 20.99732], [105.873753, 20.997697], [105.873684, 20.997788], [105.873644, 20.997945], [105.873561, 20.998075], [105.873152, 20.999092], [105.872863, 20.999379], [105.872725, 20.999575], [105.872354, 20.999954], [105.872326, 21.000019], [105.872161, 21.000163], [105.872051, 21.000294], [105.872051, 21.000346], [105.873932, 21.002208], [105.874015, 21.002325], [105.874016, 21.002403], [105.873988, 21.002455], [105.873906, 21.002508], [105.873726, 21.002561], [105.873643, 21.002613], [105.873463, 21.002666], [105.873394, 21.002718], [105.873256, 21.002745], [105.873146, 21.002811], [105.873021, 21.002837], [105.872925, 21.002903], [105.872786, 21.002929], [105.872704, 21.002982], [105.872524, 21.003035], [105.872455, 21.003087], [105.87233, 21.003114], [105.871916, 21.003285], [105.871626, 21.003482], [105.871571, 21.003495], [105.871502, 21.00356], [105.871392, 21.0036], [105.871281, 21.003691], [105.871185, 21.003731], [105.871033, 21.003849], [105.87095, 21.003875], [105.870868, 21.003954], [105.870743, 21.004006], [105.869586, 21.005117], [105.869394, 21.005339], [105.869063, 21.00564], [105.86905, 21.005679], [105.86887, 21.005823], [105.868857, 21.005862], [105.868526, 21.006163], [105.868513, 21.006202], [105.867962, 21.006725], [105.867934, 21.006777], [105.867865, 21.006817], [105.867067, 21.007601], [105.866943, 21.007758], [105.866791, 21.007875], [105.866681, 21.008006], [105.866599, 21.008058], [105.866158, 21.00849], [105.866007, 21.008673], [105.865882, 21.008712], [105.865481, 21.008701], [105.865356, 21.008741], [105.864954, 21.00873], [105.86483, 21.00877], [105.864428, 21.008759], [105.864304, 21.008798], [105.863833, 21.008788], [105.863709, 21.008827], [105.863321, 21.008816], [105.863197, 21.008856], [105.862656, 21.008846], [105.862532, 21.008885], [105.862338, 21.008873], [105.862269, 21.0089], [105.862144, 21.0089], [105.860982, 21.009114], [105.860816, 21.009128], [105.860719, 21.009102]]]}}, {"type": "Feature", "properties": {"slug": "xa-hong-son", "name": "Xã Hồng Sơn", "short": "Hồng Sơn", "type": "xa", "area_km2": 56.7, "source": "Số hoá từ Bản đồ phương án thành lập đơn vị hành chính (Sở Nội vụ TP Hà Nội), VN-2000 → WGS84", "fit_rms_m": 1.2, "method": "pink", "scale": null, "hq": [105.708561, 20.728541]}, "geometry": {"type": "Polygon", "coordinates": [[[105.717747, 20.763201], [105.717117, 20.763303], [105.716485, 20.763107], [105.715958, 20.762714], [105.715117, 20.76252], [105.714167, 20.761832], [105.713329, 20.76233], [105.712074, 20.76362], [105.71092, 20.76402], [105.710183, 20.763826], [105.70839, 20.76235], [105.706598, 20.76127], [105.706072, 20.761174], [105.705234, 20.76177], [105.703877, 20.763753], [105.703248, 20.763953], [105.702299, 20.763364], [105.701669, 20.763366], [105.70125, 20.763763], [105.701044, 20.764654], [105.70052, 20.764953], [105.697474, 20.76536], [105.693376, 20.765575], [105.692852, 20.765774], [105.69096, 20.765782], [105.690434, 20.765586], [105.690117, 20.765291], [105.689692, 20.764304], [105.688303, 20.759269], [105.687881, 20.758875], [105.687565, 20.758778], [105.686936, 20.758978], [105.68463, 20.760272], [105.68379, 20.760473], [105.683157, 20.76008], [105.682938, 20.757906], [105.682687, 20.748813], [105.682895, 20.748417], [105.684361, 20.747225], [105.684251, 20.746138], [105.684773, 20.745444], [105.684771, 20.745049], [105.683083, 20.743573], [105.681925, 20.743083], [105.681502, 20.742492], [105.681488, 20.73923], [105.681065, 20.738639], [105.681063, 20.738144], [105.680428, 20.737158], [105.680426, 20.736763], [105.680003, 20.736172], [105.679471, 20.734691], [105.678628, 20.734101], [105.677474, 20.7346], [105.676843, 20.734504], [105.675052, 20.733423], [105.674319, 20.733921], [105.673486, 20.735703], [105.672753, 20.736299], [105.672124, 20.736499], [105.671182, 20.737392], [105.670447, 20.737593], [105.668765, 20.737402], [105.666445, 20.735335], [105.666126, 20.734644], [105.665599, 20.734152], [105.664646, 20.732475], [105.663688, 20.729613], [105.662314, 20.72774], [105.662308, 20.726356], [105.66178, 20.725864], [105.661461, 20.724975], [105.660405, 20.723793], [105.660504, 20.722409], [105.660817, 20.721815], [105.662388, 20.720622], [105.662384, 20.719832], [105.662802, 20.719138], [105.66385, 20.71864], [105.664269, 20.718243], [105.664784, 20.715967], [105.665937, 20.715469], [105.666778, 20.715367], [105.667196, 20.71497], [105.667399, 20.713288], [105.667712, 20.712793], [105.667708, 20.712002], [105.668126, 20.711407], [105.669071, 20.711206], [105.669594, 20.71071], [105.66959, 20.70982], [105.670216, 20.708928], [105.670736, 20.707641], [105.671993, 20.706747], [105.672722, 20.70536], [105.673768, 20.704466], [105.673976, 20.703971], [105.674813, 20.703177], [105.676283, 20.702875], [105.677643, 20.701782], [105.678482, 20.701383], [105.67911, 20.700788], [105.679629, 20.699402], [105.680363, 20.699102], [105.680781, 20.698705], [105.680564, 20.697125], [105.681398, 20.695738], [105.681396, 20.695342], [105.680231, 20.693073], [105.680228, 20.69248], [105.679806, 20.692087], [105.67907, 20.691892], [105.678542, 20.691202], [105.678539, 20.69051], [105.678747, 20.690213], [105.678529, 20.688434], [105.679261, 20.687542], [105.679257, 20.686652], [105.67894, 20.686159], [105.67883, 20.685171], [105.678197, 20.68458], [105.677461, 20.684386], [105.676931, 20.6833], [105.676088, 20.682612], [105.674406, 20.682421], [105.673457, 20.681634], [105.672721, 20.681439], [105.671773, 20.680751], [105.669885, 20.681351], [105.668834, 20.681256], [105.668308, 20.681061], [105.667569, 20.680075], [105.667565, 20.679284], [105.667876, 20.678294], [105.668607, 20.677402], [105.669231, 20.675917], [105.670174, 20.675518], [105.671858, 20.676203], [105.672488, 20.676102], [105.672906, 20.675705], [105.673112, 20.674716], [105.674159, 20.67402], [105.673945, 20.673032], [105.674044, 20.671746], [105.675303, 20.671346], [105.676878, 20.671241], [105.678133, 20.670149], [105.679803, 20.66777], [105.680537, 20.667569], [105.681063, 20.667666], [105.682007, 20.667366], [105.683375, 20.667954], [105.68411, 20.668049], [105.689459, 20.666348], [105.690089, 20.666246], [105.690825, 20.666441], [105.691354, 20.66723], [105.693054, 20.671572], [105.693687, 20.672361], [105.695578, 20.672353], [105.69883, 20.67145], [105.699777, 20.671842], [105.699989, 20.672236], [105.69989, 20.673522], [105.700311, 20.673915], [105.701677, 20.674009], [105.70294, 20.674498], [105.703155, 20.675485], [105.70254, 20.678849], [105.702547, 20.68043], [105.702969, 20.680824], [105.707495, 20.682881], [105.709284, 20.683467], [105.711064, 20.682372], [105.711693, 20.682172], [105.712219, 20.682269], [105.716853, 20.684819], [105.717272, 20.684719], [105.718839, 20.682933], [105.719679, 20.682732], [105.720731, 20.683024], [105.721258, 20.683417], [105.721365, 20.68401], [105.719591, 20.686488], [105.719593, 20.686884], [105.720121, 20.687475], [105.719916, 20.688464], [105.71908, 20.689456], [105.718768, 20.690149], [105.717827, 20.691043], [105.716679, 20.692629], [105.716894, 20.693617], [105.718267, 20.695291], [105.718586, 20.695982], [105.719219, 20.696572], [105.719537, 20.697263], [105.720276, 20.697952], [105.720696, 20.698049], [105.723315, 20.696357], [105.724049, 20.696157], [105.72489, 20.696351], [105.72584, 20.697236], [105.728904, 20.700881], [105.732386, 20.704227], [105.732702, 20.704324], [105.733541, 20.704024], [105.734383, 20.704317], [105.735437, 20.705103], [105.736705, 20.70668], [105.737547, 20.706874], [105.740917, 20.708638], [105.741339, 20.709032], [105.742075, 20.709227], [105.744922, 20.71129], [105.745448, 20.711387], [105.746601, 20.710986], [105.750367, 20.707609], [105.753611, 20.705124], [105.754451, 20.704922], [105.755503, 20.705214], [105.756453, 20.706199], [105.756769, 20.706296], [105.758132, 20.705895], [105.759395, 20.706383], [105.760444, 20.706082], [105.761281, 20.705288], [105.761806, 20.705187], [105.762542, 20.705381], [105.763283, 20.706564], [105.763288, 20.707552], [105.7635, 20.707848], [105.763512, 20.71022], [105.763105, 20.71299], [105.762897, 20.713287], [105.762902, 20.714374], [105.762384, 20.715761], [105.762392, 20.717342], [105.762815, 20.717933], [105.762818, 20.718526], [105.763347, 20.719315], [105.764931, 20.720889], [105.767773, 20.722063], [105.768193, 20.721962], [105.76914, 20.722254], [105.769665, 20.722153], [105.770401, 20.722348], [105.771247, 20.723332], [105.771045, 20.724915], [105.768958, 20.727692], [105.768013, 20.727992], [105.765606, 20.729782], [105.76351, 20.73078], [105.761834, 20.731974], [105.76047, 20.732177], [105.759417, 20.731886], [105.755622, 20.729332], [105.751837, 20.728756], [105.751522, 20.728856], [105.750575, 20.728564], [105.74879, 20.728868], [105.747214, 20.728776], [105.742059, 20.727513], [105.740269, 20.726631], [105.735944, 20.723091], [105.734155, 20.722407], [105.732159, 20.722416], [105.731215, 20.722815], [105.730797, 20.723212], [105.730907, 20.724299], [105.732595, 20.725873], [105.733445, 20.727649], [105.733659, 20.728538], [105.733567, 20.731306], [105.733047, 20.732296], [105.733049, 20.732791], [105.73253, 20.734078], [105.732533, 20.73477], [105.732015, 20.736156], [105.730863, 20.737149], [105.730234, 20.73735], [105.728768, 20.738443], [105.726355, 20.739145], [105.725199, 20.73915], [105.720687, 20.740553], [105.719008, 20.740857], [105.718587, 20.740759], [105.717643, 20.74106], [105.717117, 20.740963], [105.716278, 20.741362], [105.715333, 20.741465], [105.71103, 20.742669], [105.708825, 20.743073], [105.708089, 20.742978], [105.70578, 20.74358], [105.704939, 20.743485], [105.704415, 20.743685], [105.703679, 20.743589], [105.702734, 20.74379], [105.700525, 20.743305], [105.698524, 20.742325], [105.697999, 20.742426], [105.697268, 20.743417], [105.696754, 20.74589], [105.696977, 20.748657], [105.697295, 20.74915], [105.697617, 20.75073], [105.698145, 20.751223], [105.699197, 20.751515], [105.699721, 20.751315], [105.701823, 20.751306], [105.702455, 20.751502], [105.703084, 20.751301], [105.703716, 20.751496], [105.704555, 20.751295], [105.70687, 20.751879], [105.707397, 20.752272], [105.708028, 20.752368], [105.709819, 20.753349], [105.710661, 20.753544], [105.7114, 20.754331], [105.711821, 20.754428], [105.715303, 20.757478], [105.716361, 20.759055], [105.718262, 20.760925], [105.718686, 20.761714], [105.718689, 20.762307], [105.71848, 20.762704], [105.717747, 20.763201]]]}}, {"type": "Feature", "properties": {"slug": "xuan-dinh", "name": "Phường Xuân Đỉnh", "short": "Xuân Đỉnh", "type": "phuong", "area_km2": 5.57, "source": "Số hoá từ Bản đồ phương án thành lập đơn vị hành chính (Sở Nội vụ TP Hà Nội), VN-2000 → WGS84", "fit_rms_m": 0.4, "method": "pink", "scale": null, "hq": [105.797248, 21.072008]}, "geometry": {"type": "Polygon", "coordinates": [[[105.787532, 21.078668], [105.787099, 21.078193], [105.786074, 21.076583], [105.785835, 21.07574], [105.785715, 21.075172], [105.785656, 21.075044], [105.785444, 21.071963], [105.785442, 21.071541], [105.785402, 21.071376], [105.785172, 21.068552], [105.785113, 21.06846], [105.78511, 21.067983], [105.784991, 21.067562], [105.784789, 21.066444], [105.78473, 21.066316], [105.784729, 21.066169], [105.78455, 21.065436], [105.784429, 21.064721], [105.784269, 21.06419], [105.784249, 21.063988], [105.78403, 21.06331], [105.78399, 21.063035], [105.783911, 21.062834], [105.78369, 21.061862], [105.783512, 21.061276], [105.783311, 21.06036], [105.783212, 21.060085], [105.783052, 21.05937], [105.782953, 21.059095], [105.782932, 21.058894], [105.782853, 21.058692], [105.782533, 21.057355], [105.782434, 21.05708], [105.782434, 21.05697], [105.782374, 21.05686], [105.782274, 21.056365], [105.782215, 21.056237], [105.782155, 21.05598], [105.782154, 21.055852], [105.782193, 21.055778], [105.782388, 21.055704], [105.784462, 21.056153], [105.784814, 21.056262], [105.784892, 21.056243], [105.785147, 21.056315], [105.78546, 21.056332], [105.786027, 21.056439], [105.786261, 21.056438], [105.786555, 21.05651], [105.786633, 21.056492], [105.787063, 21.056545], [105.787807, 21.056688], [105.787982, 21.056669], [105.788159, 21.056723], [105.788491, 21.056703], [105.788804, 21.056757], [105.789351, 21.056736], [105.789566, 21.056772], [105.78982, 21.056734], [105.789898, 21.05666], [105.78988, 21.053284], [105.789918, 21.053027], [105.789893, 21.052], [105.78995, 21.051835], [105.790009, 21.051779], [105.790145, 21.051742], [105.790653, 21.05174], [105.790849, 21.051776], [105.791142, 21.051756], [105.79124, 21.051792], [105.792354, 21.051769], [105.792686, 21.051785], [105.792804, 21.051821], [105.794093, 21.051797], [105.794191, 21.051833], [105.794465, 21.051814], [105.794563, 21.05185], [105.795833, 21.051826], [105.796244, 21.051879], [105.797592, 21.051854], [105.798061, 21.051889], [105.798667, 21.051849], [105.798765, 21.051885], [105.798999, 21.051884], [105.799097, 21.051847], [105.80068, 21.051858], [105.800777, 21.051821], [105.801832, 21.051797], [105.804295, 21.051804], [105.804432, 21.05184], [105.804511, 21.05195], [105.804483, 21.05406], [105.804546, 21.058499], [105.804534, 21.059912], [105.804565, 21.062113], [105.804646, 21.062553], [105.805041, 21.063285], [105.805947, 21.064693], [105.807447, 21.067383], [105.808256, 21.068755], [105.809046, 21.070311], [105.809067, 21.070494], [105.809028, 21.070568], [105.80895, 21.070623], [105.808443, 21.070791], [105.808346, 21.070865], [105.80815, 21.070902], [105.807663, 21.071125], [105.807078, 21.071311], [105.806883, 21.071422], [105.806375, 21.071571], [105.8062, 21.071682], [105.80579, 21.071794], [105.805595, 21.071905], [105.8054, 21.071943], [105.804893, 21.072165], [105.804327, 21.072351], [105.80421, 21.072425], [105.803703, 21.072574], [105.803528, 21.072685], [105.803332, 21.072723], [105.803001, 21.07289], [105.80226, 21.073132], [105.802162, 21.073205], [105.801947, 21.073261], [105.801889, 21.073317], [105.801538, 21.07341], [105.801089, 21.073614], [105.800894, 21.073652], [105.800816, 21.073707], [105.800582, 21.073763], [105.800465, 21.073837], [105.799899, 21.074023], [105.799782, 21.074097], [105.799529, 21.074172], [105.799431, 21.074246], [105.799236, 21.074283], [105.798612, 21.074543], [105.798534, 21.074617], [105.798535, 21.074709], [105.798871, 21.075477], [105.798872, 21.075606], [105.798794, 21.075716], [105.79858, 21.075827], [105.798404, 21.075865], [105.797995, 21.07605], [105.797819, 21.076088], [105.797604, 21.076199], [105.797058, 21.076385], [105.796961, 21.076459], [105.795693, 21.076905], [105.795595, 21.076979], [105.79542, 21.077016], [105.795225, 21.077127], [105.79499, 21.077184], [105.794874, 21.077257], [105.794444, 21.077388], [105.794307, 21.077352], [105.794031, 21.076839], [105.793892, 21.076492], [105.793814, 21.076419], [105.793696, 21.076401], [105.793462, 21.076512], [105.792974, 21.076661], [105.79278, 21.076772], [105.792292, 21.076921], [105.792097, 21.077032], [105.791921, 21.077069], [105.791746, 21.077162], [105.79157, 21.0772], [105.791453, 21.077273], [105.790848, 21.077478], [105.790731, 21.077552], [105.790165, 21.077738], [105.790049, 21.077812], [105.789873, 21.07785], [105.789366, 21.078072], [105.78917, 21.07811], [105.789054, 21.078184], [105.787961, 21.078592], [105.787844, 21.078666], [105.787708, 21.078703], [105.787532, 21.078668]]]}}, {"type": "Feature", "properties": {"slug": "xuan-phuong", "name": "Phường Xuân Phương", "short": "Xuân Phương", "type": "phuong", "area_km2": 11.18, "source": "Số hoá từ Bản đồ phương án thành lập đơn vị hành chính (Sở Nội vụ TP Hà Nội), VN-2000 → WGS84", "fit_rms_m": 2.7, "method": "pink", "scale": null}, "geometry": {"type": "Polygon", "coordinates": [[[105.729183, 21.05628], [105.726735, 21.053285], [105.726413, 21.052746], [105.726411, 21.052505], [105.726602, 21.052204], [105.728005, 21.050996], [105.728003, 21.050756], [105.728258, 21.050454], [105.728256, 21.050094], [105.727867, 21.048954], [105.727864, 21.048353], [105.728119, 21.048111], [105.728758, 21.047988], [105.729141, 21.047686], [105.729138, 21.047145], [105.729393, 21.046844], [105.730032, 21.046721], [105.730926, 21.046236], [105.731438, 21.046234], [105.732202, 21.045389], [105.732201, 21.045149], [105.731879, 21.04479], [105.73213, 21.043767], [105.732897, 21.043463], [105.733279, 21.043101], [105.733271, 21.041419], [105.733652, 21.040816], [105.733643, 21.038953], [105.733512, 21.038353], [105.733829, 21.03781], [105.734594, 21.037026], [105.734657, 21.036785], [105.735679, 21.036541], [105.736384, 21.036658], [105.737727, 21.036351], [105.737982, 21.03611], [105.737978, 21.035269], [105.73848, 21.033403], [105.738478, 21.032983], [105.738221, 21.032683], [105.738282, 21.032142], [105.737897, 21.031844], [105.737256, 21.031726], [105.736868, 21.031007], [105.736866, 21.030586], [105.737183, 21.029864], [105.737179, 21.029082], [105.73788, 21.028538], [105.738006, 21.028057], [105.737556, 21.027698], [105.735055, 21.026748], [105.734669, 21.026269], [105.734667, 21.025788], [105.734537, 21.025488], [105.734535, 21.025007], [105.734662, 21.024766], [105.735938, 21.02392], [105.736511, 21.023376], [105.736509, 21.023076], [105.736252, 21.022836], [105.735482, 21.022479], [105.734716, 21.022843], [105.734204, 21.022725], [105.733816, 21.021946], [105.733045, 21.021408], [105.731436, 21.019612], [105.730152, 21.018716], [105.729829, 21.018177], [105.729954, 21.017575], [105.730655, 21.016851], [105.731102, 21.016669], [105.731615, 21.016847], [105.732382, 21.016663], [105.733529, 21.015577], [105.733527, 21.015216], [105.73217, 21.012638], [105.732168, 21.012157], [105.732741, 21.011494], [105.732738, 21.010953], [105.732865, 21.010712], [105.733695, 21.010408], [105.739645, 21.010022], [105.740668, 21.009837], [105.741437, 21.009894], [105.747642, 21.009326], [105.754675, 21.008093], [105.762219, 21.006436], [105.762731, 21.006554], [105.763313, 21.007633], [105.763379, 21.008174], [105.763254, 21.008776], [105.762684, 21.00986], [105.761793, 21.010825], [105.758541, 21.013184], [105.757585, 21.014089], [105.754403, 21.017529], [105.753895, 21.018372], [105.753964, 21.019394], [105.755256, 21.021732], [105.755326, 21.022993], [105.754312, 21.024921], [105.754315, 21.025462], [105.755089, 21.02666], [105.757855, 21.029352], [105.758693, 21.03055], [105.758897, 21.032893], [105.759025, 21.033073], [105.75903, 21.033974], [105.758903, 21.034155], [105.758846, 21.035477], [105.758533, 21.036981], [105.758474, 21.037943], [105.758733, 21.038422], [105.759697, 21.039199], [105.759953, 21.039258], [105.760789, 21.040096], [105.761372, 21.041295], [105.761247, 21.041897], [105.760736, 21.042199], [105.742016, 21.049313], [105.735822, 21.052465], [105.730079, 21.056276], [105.729631, 21.056398], [105.729183, 21.05628]]]}}, {"type": "Feature", "properties": {"slug": "yen-hoa", "name": "Phường Yên Hòa", "short": "Yên Hòa", "type": "phuong", "area_km2": 4.13, "source": "Số hoá từ Bản đồ phương án thành lập đơn vị hành chính (Sở Nội vụ TP Hà Nội), VN-2000 → WGS84", "fit_rms_m": 4.1, "method": "pink", "scale": null, "hq": [105.796944, 21.024172]}, "geometry": {"type": "Polygon", "coordinates": [[[105.793769, 21.026006], [105.793333, 21.025778], [105.791886, 21.024661], [105.790248, 21.023494], [105.789238, 21.022708], [105.789129, 21.022683], [105.788883, 21.022454], [105.788419, 21.022175], [105.7882, 21.021972], [105.787846, 21.021769], [105.787654, 21.021592], [105.787546, 21.021566], [105.787327, 21.021363], [105.786181, 21.020603], [105.785416, 21.020019], [105.785117, 21.019867], [105.784161, 21.019131], [105.784025, 21.019081], [105.783178, 21.018446], [105.783069, 21.018421], [105.782578, 21.018015], [105.78236, 21.017914], [105.782223, 21.017736], [105.782222, 21.017557], [105.782438, 21.017224], [105.782708, 21.016942], [105.783464, 21.015943], [105.783789, 21.015609], [105.783843, 21.015481], [105.785815, 21.013021], [105.786004, 21.012842], [105.786058, 21.012714], [105.786868, 21.011689], [105.787058, 21.011509], [105.789083, 21.008921], [105.789273, 21.008741], [105.790002, 21.007819], [105.790056, 21.007691], [105.790245, 21.007511], [105.790353, 21.007306], [105.790569, 21.007101], [105.790893, 21.00664], [105.79165, 21.005769], [105.791947, 21.005333], [105.792298, 21.004948], [105.793757, 21.003078], [105.793947, 21.003026], [105.794137, 21.003076], [105.794629, 21.003457], [105.794737, 21.003482], [105.794929, 21.00366], [105.795092, 21.003735], [105.795311, 21.003939], [105.795474, 21.003989], [105.797358, 21.005333], [105.797521, 21.005384], [105.797738, 21.005229], [105.799925, 21.002436], [105.800169, 21.002307], [105.800442, 21.002434], [105.801643, 21.003322], [105.801752, 21.003347], [105.802898, 21.004209], [105.803335, 21.004463], [105.803853, 21.004869], [105.804072, 21.00497], [105.804508, 21.005325], [105.805272, 21.005807], [105.805491, 21.00601], [105.805955, 21.006289], [105.808166, 21.007861], [105.809368, 21.008902], [105.810135, 21.009971], [105.810408, 21.01025], [105.81049, 21.010403], [105.810491, 21.010556], [105.810302, 21.010787], [105.809408, 21.011302], [105.807538, 21.012562], [105.807024, 21.013024], [105.80632, 21.013538], [105.80448, 21.015232], [105.804237, 21.015565], [105.804183, 21.015718], [105.803967, 21.015898], [105.80286, 21.017384], [105.802375, 21.01828], [105.802105, 21.018664], [105.801783, 21.019355], [105.80154, 21.019637], [105.80154, 21.019714], [105.801297, 21.020072], [105.801136, 21.020431], [105.800704, 21.020969], [105.800407, 21.021455], [105.800191, 21.021686], [105.800056, 21.021968], [105.799569, 21.022404], [105.799407, 21.022635], [105.799028, 21.022892], [105.797756, 21.024072], [105.797649, 21.024353], [105.79765, 21.024481], [105.797569, 21.024609], [105.79757, 21.024865], [105.797462, 21.025018], [105.794122, 21.025953], [105.793769, 21.026006]]]}}, {"type": "Feature", "properties": {"slug": "yen-nghia", "name": "Phường Yên Nghĩa", "short": "Yên Nghĩa", "type": "phuong", "area_km2": 13.38, "source": "Số hoá từ Bản đồ phương án thành lập đơn vị hành chính (Sở Nội vụ TP Hà Nội), VN-2000 → WGS84", "fit_rms_m": 0.0, "method": "pink", "scale": null, "hq": [105.733134, 20.930737]}, "geometry": {"type": "Polygon", "coordinates": [[[105.738197, 20.963508], [105.737969, 20.963448], [105.737381, 20.963114], [105.737087, 20.962871], [105.736434, 20.962568], [105.735911, 20.962203], [105.735128, 20.961839], [105.734964, 20.961687], [105.73369, 20.960958], [105.733397, 20.960868], [105.733135, 20.960655], [105.732842, 20.960564], [105.731894, 20.959926], [105.731601, 20.959927], [105.730759, 20.960818], [105.730466, 20.96088], [105.73014, 20.960759], [105.72955, 20.960119], [105.729191, 20.959815], [105.729125, 20.959662], [105.728765, 20.959358], [105.728732, 20.959266], [105.728372, 20.958993], [105.728241, 20.958779], [105.727881, 20.958475], [105.727848, 20.958383], [105.727096, 20.957744], [105.72654, 20.957104], [105.726278, 20.956891], [105.726212, 20.956707], [105.725885, 20.956495], [105.725787, 20.956281], [105.725395, 20.956038], [105.725132, 20.95555], [105.725193, 20.954846], [105.725355, 20.954631], [105.725354, 20.954447], [105.725515, 20.954049], [105.725514, 20.953774], [105.725676, 20.953559], [105.725735, 20.952366], [105.725571, 20.952122], [105.725538, 20.951938], [105.725374, 20.951786], [105.725177, 20.951328], [105.724784, 20.950901], [105.724621, 20.950871], [105.724457, 20.950719], [105.723902, 20.950385], [105.723706, 20.950325], [105.723379, 20.950081], [105.722498, 20.949657], [105.722302, 20.949474], [105.721976, 20.949353], [105.721812, 20.949201], [105.721584, 20.949141], [105.721192, 20.948836], [105.720963, 20.948776], [105.7208, 20.948624], [105.720376, 20.948442], [105.720179, 20.948259], [105.719886, 20.948169], [105.719624, 20.947956], [105.719331, 20.947865], [105.719037, 20.947622], [105.718808, 20.947561], [105.718579, 20.947348], [105.71809, 20.947167], [105.717894, 20.946984], [105.716718, 20.946347], [105.716392, 20.946103], [105.716196, 20.946043], [105.715934, 20.94583], [105.715641, 20.94577], [105.715412, 20.945526], [105.715151, 20.945435], [105.714955, 20.945253], [105.714563, 20.945101], [105.713811, 20.944432], [105.71368, 20.944218], [105.713386, 20.944005], [105.713222, 20.94373], [105.712862, 20.943426], [105.711684, 20.942146], [105.711618, 20.942024], [105.711616, 20.941718], [105.711353, 20.941016], [105.711351, 20.94074], [105.711022, 20.939977], [105.711021, 20.939763], [105.711666, 20.938506], [105.711666, 20.938322], [105.711957, 20.937893], [105.71202, 20.937587], [105.715037, 20.935157], [105.715395, 20.935033], [105.715558, 20.935063], [105.716013, 20.934909], [105.716176, 20.934938], [105.717574, 20.934596], [105.717672, 20.934626], [105.718355, 20.93447], [105.718551, 20.9345], [105.718973, 20.934407], [105.720213, 20.934768], [105.720702, 20.934981], [105.721354, 20.935131], [105.721517, 20.935283], [105.722402, 20.936411], [105.7226, 20.936869], [105.722829, 20.937174], [105.72283, 20.937327], [105.723026, 20.937602], [105.723093, 20.937846], [105.723355, 20.938212], [105.723487, 20.93864], [105.723489, 20.938946], [105.72362, 20.939251], [105.723622, 20.939618], [105.723721, 20.939771], [105.723755, 20.940229], [105.723854, 20.940382], [105.723855, 20.940627], [105.723921, 20.940779], [105.72415, 20.940931], [105.724702, 20.940776], [105.725124, 20.940346], [105.72522, 20.94007], [105.725705, 20.939426], [105.725802, 20.939119], [105.725996, 20.938935], [105.726125, 20.938598], [105.726319, 20.938414], [105.726448, 20.938107], [105.72661, 20.937953], [105.7269, 20.93734], [105.726997, 20.937248], [105.727093, 20.936789], [105.727255, 20.936574], [105.727254, 20.936452], [105.727641, 20.935746], [105.72764, 20.935532], [105.727834, 20.935256], [105.727833, 20.935042], [105.728027, 20.934735], [105.728059, 20.934521], [105.728285, 20.934092], [105.72838, 20.933602], [105.728703, 20.933019], [105.728702, 20.932836], [105.728831, 20.932652], [105.728862, 20.932346], [105.729024, 20.93207], [105.729087, 20.931702], [105.729281, 20.931334], [105.72928, 20.931151], [105.729474, 20.930844], [105.729473, 20.93063], [105.729602, 20.930446], [105.729665, 20.930078], [105.729859, 20.929741], [105.729858, 20.929496], [105.729954, 20.929282], [105.729953, 20.928945], [105.730018, 20.928853], [105.73008, 20.928364], [105.730177, 20.92821], [105.730175, 20.927813], [105.730304, 20.927537], [105.730335, 20.9272], [105.730267, 20.926527], [105.730296, 20.925762], [105.73023, 20.925671], [105.73026, 20.925243], [105.730195, 20.92509], [105.730124, 20.923958], [105.730154, 20.923499], [105.730022, 20.923072], [105.730052, 20.922582], [105.729987, 20.92249], [105.729914, 20.920839], [105.730011, 20.920686], [105.729975, 20.920135], [105.730006, 20.919707], [105.73007, 20.919615], [105.730068, 20.919125], [105.730133, 20.919033], [105.730131, 20.918605], [105.73026, 20.918421], [105.730291, 20.918115], [105.730452, 20.917747], [105.730451, 20.917472], [105.73058, 20.917257], [105.730676, 20.916889], [105.730903, 20.916644], [105.730999, 20.916368], [105.731226, 20.916122], [105.73129, 20.915877], [105.731484, 20.915693], [105.731645, 20.915417], [105.731808, 20.915386], [105.732132, 20.915139], [105.732555, 20.914985], [105.732717, 20.914831], [105.733075, 20.914707], [105.733237, 20.914553], [105.733626, 20.914399], [105.733789, 20.914245], [105.734081, 20.914152], [105.734243, 20.913998], [105.734731, 20.913843], [105.734925, 20.913659], [105.73603, 20.913287], [105.736356, 20.913408], [105.736553, 20.913652], [105.736685, 20.913957], [105.736913, 20.914109], [105.737564, 20.914045], [105.738475, 20.913827], [105.738995, 20.913794], [105.739255, 20.91361], [105.739254, 20.913396], [105.739383, 20.913212], [105.739708, 20.913088], [105.73987, 20.912934], [105.740455, 20.912595], [105.740813, 20.912532], [105.741139, 20.912653], [105.741302, 20.912867], [105.741303, 20.91302], [105.741761, 20.913507], [105.741957, 20.913567], [105.742186, 20.913872], [105.742226, 20.915218], [105.742389, 20.91537], [105.747016, 20.916146], [105.747244, 20.916145], [105.747929, 20.916325], [105.748091, 20.916294], [105.748385, 20.916384], [105.748678, 20.916383], [105.749558, 20.916593], [105.749689, 20.916776], [105.74969, 20.917052], [105.749562, 20.917389], [105.749404, 20.918307], [105.749307, 20.918491], [105.749053, 20.919899], [105.749282, 20.920051], [105.74964, 20.920019], [105.750031, 20.92014], [105.750163, 20.920323], [105.750164, 20.920537], [105.750294, 20.920659], [105.75062, 20.920719], [105.750784, 20.92081], [105.750849, 20.920932], [105.750726, 20.922248], [105.750629, 20.922523], [105.750632, 20.923043], [105.750828, 20.923195], [105.751382, 20.923346], [105.751513, 20.923529], [105.751514, 20.923743], [105.751387, 20.924386], [105.751323, 20.924478], [105.751324, 20.924753], [105.751165, 20.925427], [105.751068, 20.925581], [105.751037, 20.925978], [105.750941, 20.926224], [105.750844, 20.926316], [105.750161, 20.926472], [105.74977, 20.926412], [105.749542, 20.926444], [105.749347, 20.926598], [105.749348, 20.926781], [105.750041, 20.928583], [105.749978, 20.929073], [105.750012, 20.929378], [105.750111, 20.929592], [105.750212, 20.930173], [105.75031, 20.930325], [105.750411, 20.930906], [105.750675, 20.93167], [105.750676, 20.931915], [105.750874, 20.932373], [105.750941, 20.932892], [105.751106, 20.93332], [105.75124, 20.934053], [105.751372, 20.934359], [105.751373, 20.934604], [105.751147, 20.934849], [105.749683, 20.9351], [105.749488, 20.935254], [105.749557, 20.936019], [105.749203, 20.936938], [105.749175, 20.937795], [105.749046, 20.937979], [105.748818, 20.938041], [105.748264, 20.938043], [105.748037, 20.938197], [105.748109, 20.939604], [105.747948, 20.939819], [105.74772, 20.939881], [105.747622, 20.939851], [105.746711, 20.940039], [105.746452, 20.940223], [105.746139, 20.942764], [105.74627, 20.942947], [105.746271, 20.943222], [105.745725, 20.944632], [105.745693, 20.944846], [105.745564, 20.945061], [105.7455, 20.945397], [105.745697, 20.945549], [105.746511, 20.945699], [105.746806, 20.945912], [105.748245, 20.947313], [105.748344, 20.947496], [105.748346, 20.947832], [105.748543, 20.94826], [105.74874, 20.948473], [105.748871, 20.948748], [105.749296, 20.949052], [105.749719, 20.948897], [105.749947, 20.948957], [105.750961, 20.949931], [105.751158, 20.950206], [105.751159, 20.95042], [105.750933, 20.950819], [105.750609, 20.951157], [105.75061, 20.951279], [105.754467, 20.954199], [105.754664, 20.954443], [105.754665, 20.954626], [105.754535, 20.95481], [105.751902, 20.95577], [105.748623, 20.957834], [105.747747, 20.95848], [105.747487, 20.958573], [105.747293, 20.958788], [105.744598, 20.960421], [105.74099, 20.961875], [105.738912, 20.963046], [105.738425, 20.963446], [105.738197, 20.963508]]]}}, {"type": "Feature", "properties": {"slug": "yen-so", "name": "Phường Yên Sở", "short": "Yên Sở", "type": "phuong", "area_km2": 5.73, "source": "Số hoá từ Bản đồ phương án thành lập đơn vị hành chính (Sở Nội vụ TP Hà Nội), VN-2000 → WGS84", "fit_rms_m": 13.0, "method": "pink", "scale": null}, "geometry": {"type": "Polygon", "coordinates": [[[105.876321, 20.966469], [105.876184, 20.966521], [105.875854, 20.966471], [105.875054, 20.965779], [105.873156, 20.964939], [105.871315, 20.964613], [105.870958, 20.964512], [105.869503, 20.964416], [105.869365, 20.964365], [105.868954, 20.964367], [105.868816, 20.964316], [105.867224, 20.964324], [105.867087, 20.964274], [105.862449, 20.964323], [105.861763, 20.964301], [105.861626, 20.96425], [105.861461, 20.964302], [105.860912, 20.964305], [105.857622, 20.964889], [105.856224, 20.96505], [105.855758, 20.965156], [105.853701, 20.965424], [105.853208, 20.965529], [105.852056, 20.965638], [105.85159, 20.965744], [105.849229, 20.965755], [105.849093, 20.965808], [105.848489, 20.965836], [105.845058, 20.965828], [105.844921, 20.96588], [105.842287, 20.965893], [105.84215, 20.965945], [105.841711, 20.965896], [105.8416, 20.965742], [105.841732, 20.959915], [105.84184, 20.959528], [105.842057, 20.959089], [105.842055, 20.958728], [105.842243, 20.958083], [105.842242, 20.957902], [105.842351, 20.95767], [105.842376, 20.957386], [105.842458, 20.957257], [105.842457, 20.957102], [105.8427, 20.956379], [105.842861, 20.955631], [105.843533, 20.95323], [105.843715, 20.95145], [105.843796, 20.951192], [105.84407, 20.951088], [105.846488, 20.95172], [105.847176, 20.951975], [105.847313, 20.951948], [105.847476, 20.951741], [105.847475, 20.951509], [105.847556, 20.951251], [105.847688, 20.950296], [105.847742, 20.950219], [105.847741, 20.950013], [105.848474, 20.948514], [105.84858, 20.947972], [105.848716, 20.947765], [105.8491, 20.947634], [105.849593, 20.947555], [105.850141, 20.947397], [105.850196, 20.947423], [105.852169, 20.946923], [105.852663, 20.946946], [105.852801, 20.946997], [105.853047, 20.94697], [105.853432, 20.947046], [105.853597, 20.947019], [105.853899, 20.947095], [105.854036, 20.947068], [105.855213, 20.946547], [105.855459, 20.946391], [105.855678, 20.946338], [105.856143, 20.946078], [105.857484, 20.945504], [105.857813, 20.945297], [105.858251, 20.945191], [105.859045, 20.944878], [105.859593, 20.94472], [105.862057, 20.94378], [105.86266, 20.943622], [105.863838, 20.94323], [105.864003, 20.94328], [105.864058, 20.943461], [105.86406, 20.943796], [105.864007, 20.944028], [105.864011, 20.944724], [105.863956, 20.944802], [105.863935, 20.945859], [105.864047, 20.946219], [105.864324, 20.946681], [105.864463, 20.947093], [105.864465, 20.947428], [105.864411, 20.947506], [105.864331, 20.94797], [105.864581, 20.94851], [105.864582, 20.948639], [105.864777, 20.949102], [105.864915, 20.949256], [105.865713, 20.949639], [105.866154, 20.949946], [105.866238, 20.950203], [105.866353, 20.951131], [105.867656, 20.953573], [105.867822, 20.953701], [105.868867, 20.954031], [105.869335, 20.954312], [105.8695, 20.954363], [105.86961, 20.954465], [105.869693, 20.954645], [105.870053, 20.955082], [105.871464, 20.957162], [105.872542, 20.958523], [105.872821, 20.959269], [105.873209, 20.959937], [105.874092, 20.960706], [105.874312, 20.960834], [105.874616, 20.961245], [105.874812, 20.961837], [105.874869, 20.962197], [105.874872, 20.962764], [105.874928, 20.96297], [105.874903, 20.963306], [105.874986, 20.963434], [105.875043, 20.963795], [105.875237, 20.964232], [105.875569, 20.964591], [105.875899, 20.964744], [105.876503, 20.964844], [105.876697, 20.965023], [105.876698, 20.965281], [105.876536, 20.96572], [105.876483, 20.966107], [105.876321, 20.966469]]]}}]}